Entry,n_residues,ss_counts
A6UQM3,172,"{'L': 76, 'E': 23, 'H': 73}"
A2SS82,168,"{'L': 72, 'E': 24, 'H': 72}"
A0B5N0,170,"{'L': 68, 'E': 26, 'H': 76}"
Q9UXN8,173,"{'L': 67, 'E': 25, 'H': 81}"
B0R328,177,"{'L': 80, 'E': 24, 'H': 73}"
Q09751,302,"{'L': 141, 'H': 61, 'E': 100}"
P16635,173,"{'L': 86, 'H': 42, 'E': 45}"
O49818,186,"{'L': 101, 'H': 40, 'E': 45}"
Q04760,184,"{'L': 99, 'H': 42, 'E': 43}"
Q55595,131,"{'L': 64, 'E': 48, 'H': 19}"
O74739,333,"{'L': 125, 'H': 156, 'E': 52}"
Q02890,363,"{'L': 129, 'H': 178, 'E': 56}"
Q6CAX5,356,"{'L': 124, 'H': 175, 'E': 57}"
Q9TW67,606,"{'L': 254, 'E': 158, 'H': 194}"
Q5WNE3,602,"{'L': 249, 'E': 158, 'H': 195}"
P31129,296,"{'L': 75, 'H': 176, 'E': 45}"
Q8ZNT5,570,"{'L': 171, 'H': 289, 'E': 110}"
A0A0H2Z7X0,435,"{'L': 116, 'H': 253, 'E': 66}"
P0DUE2,365,"{'L': 117, 'H': 197, 'E': 51}"
P77302,410,"{'L': 146, 'H': 153, 'E': 111}"
P44333,267,"{'L': 94, 'H': 102, 'E': 71}"
Q8K9P6,269,"{'L': 96, 'H': 105, 'E': 68}"
Q28CL4,356,"{'L': 153, 'H': 126, 'E': 77}"
Q05533,292,"{'L': 122, 'H': 111, 'E': 59}"
P46813,291,"{'L': 123, 'H': 105, 'E': 63}"
Q9WYK0,213,"{'L': 78, 'H': 135}"
P0AB83,211,"{'L': 87, 'H': 124}"
Q89AW4,215,"{'L': 85, 'H': 130}"
P73715,219,"{'L': 84, 'H': 135}"
Q58030,344,"{'L': 132, 'H': 169, 'E': 43}"
Q9PMD4,406,"{'L': 129, 'E': 68, 'H': 209}"
Q2S8W1,557,"{'L': 199, 'H': 291, 'E': 67}"
C4XST3,549,"{'L': 189, 'H': 294, 'E': 66}"
Q1QEK1,555,"{'L': 194, 'H': 293, 'E': 68}"
Q8RHH5,448,"{'L': 130, 'E': 63, 'H': 255}"
Q8X225,331,"{'L': 190, 'H': 80, 'E': 61}"
Q9U263,1645,"{'L': 1287, 'H': 286, 'E': 72}"
A0A1L7TZE5,344,"{'L': 207, 'H': 74, 'E': 63}"
Q9EQQ0,477,"{'L': 303, 'H': 86, 'E': 88}"
Q6NRE8,421,"{'L': 235, 'H': 96, 'E': 90}"
Q9X1G3,565,"{'L': 193, 'H': 308, 'E': 64}"
Q9PM37,605,"{'L': 228, 'E': 67, 'H': 310}"
P50070,606,"{'L': 230, 'H': 310, 'E': 66}"
O83505,605,"{'L': 212, 'E': 69, 'H': 324}"
P52308,628,"{'L': 223, 'H': 340, 'E': 65}"
Q2RPU7,321,"{'L': 116, 'H': 150, 'E': 55}"
A6U6V4,326,"{'L': 124, 'H': 146, 'E': 56}"
Q0AHY7,316,"{'L': 120, 'H': 144, 'E': 52}"
A4G1V8,322,"{'L': 121, 'H': 146, 'E': 55}"
P29364,316,"{'L': 120, 'H': 142, 'E': 54}"
Q59266,487,"{'L': 212, 'H': 221, 'E': 54}"
Q69Q02,946,"{'L': 395, 'E': 184, 'H': 367}"
O84089,527,"{'L': 214, 'H': 252, 'E': 61}"
P45176,699,"{'L': 284, 'H': 297, 'E': 118}"
O87172,500,"{'L': 206, 'E': 64, 'H': 230}"
O94412,344,"{'L': 78, 'H': 266}"
Q9FJ32,687,"{'L': 308, 'H': 292, 'E': 87}"
Q55DQ4,311,"{'L': 68, 'H': 243}"
Q08602,567,"{'L': 216, 'H': 283, 'E': 68}"
Q00618,327,"{'L': 71, 'H': 256}"
Q6DBD7,462,"{'L': 214, 'H': 185, 'E': 63}"
Q9VIP7,283,"{'L': 78, 'H': 191, 'E': 14}"
O45145,272,"{'L': 65, 'H': 189, 'E': 18}"
O45686,393,"{'L': 164, 'E': 94, 'H': 135}"
Q09551,401,"{'L': 166, 'H': 144, 'E': 91}"
Q8PZ69,196,"{'L': 57, 'E': 34, 'H': 105}"
A6UW35,193,"{'L': 61, 'E': 35, 'H': 97}"
A3CT21,192,"{'L': 56, 'E': 37, 'H': 99}"
Q8ZWP7,197,"{'L': 58, 'E': 35, 'H': 104}"
Q9UX83,195,"{'L': 60, 'E': 37, 'H': 98}"
Q4J8L6,77,"{'L': 3, 'H': 74}"
P08746,159,"{'L': 50, 'H': 109}"
P14571,88,"{'L': 7, 'H': 81}"
P62019,59,"{'L': 4, 'H': 55}"
P38462,172,"{'L': 29, 'H': 143}"
A7MMC7,574,"{'L': 190, 'H': 292, 'E': 92}"
Q9JTL9,601,"{'L': 183, 'H': 321, 'E': 97}"
Q7MZX2,575,"{'L': 191, 'H': 293, 'E': 91}"
Q5HVG7,567,"{'L': 176, 'H': 299, 'E': 92}"
A6TH46,598,"{'L': 210, 'H': 298, 'E': 90}"
P25180,568,"{'L': 264, 'H': 120, 'E': 184}"
P04850,565,"{'L': 249, 'H': 123, 'E': 193}"
Q9SLD2,520,"{'L': 166, 'H': 350, 'E': 4}"
Q75BY0,461,"{'L': 203, 'H': 177, 'E': 81}"
O74850,345,"{'L': 140, 'E': 57, 'H': 148}"
Q9ASU1,314,"{'L': 110, 'E': 56, 'H': 148}"
Q5I396,538,"{'L': 204, 'H': 332, 'E': 2}"
A0AG13,103,"{'L': 30, 'H': 73}"
Q3IU57,101,"{'L': 26, 'H': 75}"
Q2SN16,110,"{'L': 24, 'H': 86}"
A4XPM3,111,"{'L': 26, 'H': 85}"
B0UHR4,107,"{'L': 26, 'H': 81}"
P95931,233,"{'L': 91, 'E': 55, 'H': 87}"
Q9YE03,239,"{'L': 93, 'H': 97, 'E': 49}"
Q9HLQ2,224,"{'L': 85, 'E': 49, 'H': 90}"
P40852,231,"{'L': 93, 'E': 36, 'H': 102}"
Q5JDB7,239,"{'L': 92, 'E': 53, 'H': 94}"
P11045,168,"{'L': 76, 'E': 53, 'H': 39}"
Q89AV2,164,"{'L': 70, 'E': 63, 'H': 31}"
P17719,182,"{'L': 83, 'E': 60, 'H': 39}"
O62583,205,"{'L': 76, 'E': 75, 'H': 54}"
Q9PR30,156,"{'L': 66, 'E': 52, 'H': 38}"
Q59601,255,"{'L': 99, 'H': 114, 'E': 42}"
Q06508,300,"{'L': 119, 'H': 128, 'E': 53}"
O22975,418,"{'L': 182, 'H': 181, 'E': 55}"
Q9US27,300,"{'L': 114, 'H': 135, 'E': 51}"
O15120,278,"{'L': 92, 'H': 142, 'E': 44}"
Q68EL2,160,"{'L': 68, 'E': 56, 'H': 36}"
B2V7S8,147,"{'L': 62, 'E': 53, 'H': 32}"
A6LTN7,149,"{'L': 62, 'E': 54, 'H': 33}"
A1T099,145,"{'L': 57, 'E': 54, 'H': 34}"
B8DHM6,151,"{'L': 55, 'E': 56, 'H': 40}"
Q7SYI5,374,"{'L': 173, 'H': 148, 'E': 53}"
Q08BL3,408,"{'L': 205, 'H': 152, 'E': 51}"
Q18515,389,"{'L': 210, 'H': 134, 'E': 45}"
Q7K237,388,"{'L': 217, 'H': 127, 'E': 44}"
Q6GNL1,360,"{'L': 170, 'H': 146, 'E': 44}"
P09938,399,"{'L': 120, 'H': 279}"
P28847,321,"{'L': 99, 'H': 222}"
P42521,338,"{'L': 120, 'H': 218}"
P36603,391,"{'L': 143, 'H': 232, 'E': 16}"
Q66662,305,"{'L': 100, 'H': 205}"
Q0A4T1,257,"{'L': 56, 'H': 199, 'E': 2}"
Q55714,260,"{'L': 58, 'H': 200, 'E': 2}"
A4XT57,243,"{'L': 52, 'H': 189, 'E': 2}"
A7IB66,265,"{'L': 58, 'H': 205, 'E': 2}"
A1SJN0,229,"{'L': 58, 'H': 167, 'E': 4}"
Q9A871,909,"{'L': 269, 'H': 579, 'E': 61}"
Q3IBX6,881,"{'L': 239, 'H': 590, 'E': 52}"
A1SRH8,878,"{'L': 246, 'H': 582, 'E': 50}"
A7NLR3,938,"{'L': 265, 'H': 614, 'E': 59}"
Q7MH68,877,"{'L': 247, 'H': 582, 'E': 48}"
Q46800,292,"{'L': 115, 'E': 74, 'H': 103}"
O32145,277,"{'L': 110, 'E': 65, 'H': 102}"
Q54FB7,1358,"{'L': 609, 'E': 311, 'H': 438}"
P08793,1353,"{'L': 598, 'E': 308, 'H': 447}"
O32143,173,"{'L': 81, 'H': 63, 'E': 29}"
Q9KUH2,86,"{'L': 30, 'H': 56}"
Q9KTU4,90,"{'L': 30, 'H': 60}"
Q65WL3,88,"{'L': 22, 'H': 66}"
Q9RF98,435,"{'L': 102, 'H': 333}"
Q03032,84,"{'L': 23, 'H': 61}"
Q9FJ79,917,"{'L': 576, 'H': 274, 'E': 67}"
Q54RC3,893,"{'L': 510, 'H': 320, 'E': 63}"
O17966,806,"{'L': 408, 'H': 331, 'E': 67}"
Q00313,778,"{'L': 364, 'H': 350, 'E': 64}"
P30189,972,"{'L': 633, 'H': 269, 'E': 70}"
A8FRV0,274,"{'L': 128, 'E': 48, 'H': 98}"
B8F4P0,272,"{'L': 124, 'E': 43, 'H': 105}"
A1JJF2,292,"{'L': 134, 'E': 45, 'H': 113}"
Q0AC59,279,"{'L': 135, 'E': 50, 'H': 94}"
Q88A48,300,"{'L': 146, 'E': 51, 'H': 103}"
P87168,678,"{'L': 323, 'H': 178, 'E': 177}"
Q8TWK0,279,"{'L': 131, 'E': 79, 'H': 69}"
Q89NF8,301,"{'L': 128, 'E': 84, 'H': 89}"
P36159,838,"{'L': 365, 'E': 196, 'H': 277}"
Q47PQ7,318,"{'L': 137, 'E': 91, 'H': 90}"
Q9VHH9,1345,"{'L': 852, 'H': 363, 'E': 130}"
P0CO40,860,"{'L': 473, 'E': 134, 'H': 253}"
Q640I9,1259,"{'L': 818, 'H': 310, 'E': 131}"
Q6BXJ4,514,"{'L': 235, 'H': 192, 'E': 87}"
Q5AW75,1407,"{'L': 1052, 'H': 272, 'E': 83}"
A0LH38,410,"{'L': 188, 'E': 76, 'H': 146}"
Q0ALV0,303,"{'L': 131, 'H': 120, 'E': 52}"
A4YYA7,310,"{'L': 139, 'H': 119, 'E': 52}"
Q0C438,328,"{'L': 150, 'H': 127, 'E': 51}"
A2BMW0,389,"{'L': 181, 'E': 76, 'H': 132}"
B7VB62,148,"{'L': 45, 'E': 46, 'H': 57}"
A0Q6W0,152,"{'L': 48, 'E': 46, 'H': 58}"
A5FZ26,160,"{'L': 59, 'E': 43, 'H': 58}"
A1KV38,145,"{'L': 44, 'E': 46, 'H': 55}"
Q1H190,151,"{'L': 48, 'E': 45, 'H': 58}"
Q9HRF0,303,"{'L': 98, 'E': 53, 'H': 152}"
Q929X1,301,"{'L': 95, 'E': 59, 'H': 147}"
P0DC92,307,"{'L': 100, 'E': 49, 'H': 158}"
Q8ZC51,303,"{'L': 106, 'E': 58, 'H': 139}"
Q9KPQ9,296,"{'L': 100, 'E': 54, 'H': 142}"
Q9W3U1,537,"{'L': 197, 'H': 275, 'E': 65}"
Q9UTQ8,339,"{'L': 147, 'E': 68, 'H': 124}"
Q55DL2,309,"{'L': 159, 'H': 88, 'E': 62}"
P40481,377,"{'L': 155, 'H': 146, 'E': 76}"
Q2KIJ2,373,"{'L': 198, 'E': 61, 'H': 114}"
Q68KK0,346,"{'L': 154, 'H': 131, 'E': 61}"
P18952,319,"{'L': 146, 'H': 132, 'E': 41}"
P0DSI2,379,"{'L': 146, 'H': 168, 'E': 65}"
Q6Q252,337,"{'L': 157, 'H': 122, 'E': 58}"
P0DX85,333,"{'L': 126, 'E': 46, 'H': 161}"
Q6F9F5,310,"{'L': 116, 'H': 66, 'E': 128}"
O06835,170,"{'L': 74, 'H': 27, 'E': 69}"
S4S3E3,191,"{'L': 79, 'E': 75, 'H': 37}"
Q0S808,195,"{'L': 98, 'H': 30, 'E': 67}"
Q8RQP9,176,"{'L': 73, 'H': 30, 'E': 73}"
O14192,474,"{'L': 200, 'E': 80, 'H': 194}"
Q86AG8,481,"{'L': 188, 'H': 220, 'E': 73}"
H3ZPL1,417,"{'L': 144, 'H': 211, 'E': 62}"
O94570,481,"{'L': 197, 'E': 82, 'H': 202}"
Q9Y7S6,470,"{'L': 184, 'H': 210, 'E': 76}"
D4B5H9,1054,"{'L': 541, 'H': 255, 'E': 258}"
P78617,1054,"{'L': 533, 'H': 266, 'E': 255}"
Q5AAU5,1078,"{'L': 498, 'H': 299, 'E': 281}"
N1P212,1211,"{'L': 582, 'H': 344, 'E': 285}"
C5FHK0,670,"{'L': 349, 'E': 139, 'H': 182}"
C5FBW2,596,"{'L': 308, 'E': 120, 'H': 168}"
Q4WGU1,580,"{'L': 295, 'E': 140, 'H': 145}"
Q70GH4,596,"{'L': 309, 'E': 120, 'H': 167}"
Q4WQU0,594,"{'L': 298, 'E': 136, 'H': 160}"
Q07703,396,"{'L': 176, 'H': 158, 'E': 62}"
A2RM21,380,"{'L': 166, 'H': 153, 'E': 61}"
P53780,464,"{'L': 260, 'H': 147, 'E': 57}"
P18949,395,"{'L': 178, 'H': 160, 'E': 57}"
Q4L332,391,"{'L': 181, 'H': 148, 'E': 62}"
Q01128,232,"{'L': 134, 'E': 44, 'H': 54}"
A3DDS6,218,"{'L': 86, 'E': 46, 'H': 86}"
Q875I3,232,"{'L': 97, 'E': 44, 'H': 91}"
O13504,237,"{'L': 90, 'E': 44, 'H': 103}"
P43073,226,"{'L': 98, 'E': 45, 'H': 83}"
P96188,527,"{'L': 225, 'H': 207, 'E': 95}"
P08957,529,"{'L': 219, 'H': 252, 'E': 58}"
P43641,233,"{'L': 124, 'H': 58, 'E': 51}"
P25240,544,"{'L': 205, 'H': 239, 'E': 100}"
Q57596,577,"{'L': 222, 'H': 283, 'E': 72}"
Q8K912,388,"{'L': 120, 'E': 61, 'H': 207}"
C4L274,382,"{'L': 131, 'E': 53, 'H': 198}"
Q88ZS1,385,"{'L': 124, 'E': 56, 'H': 205}"
A7Z1E8,373,"{'L': 131, 'E': 54, 'H': 188}"
Q98PH2,360,"{'L': 123, 'E': 52, 'H': 185}"
P0DW59,482,"{'L': 147, 'H': 266, 'E': 69}"
Q9I739,430,"{'L': 161, 'E': 94, 'H': 175}"
A0A5B8Z1N3,494,"{'L': 144, 'H': 281, 'E': 69}"
O05442,846,"{'L': 415, 'H': 378, 'E': 53}"
A0A1V0HUU2,259,"{'L': 74, 'H': 139, 'E': 46}"
Q8D2H8,357,"{'L': 146, 'E': 91, 'H': 120}"
Q2P7U1,366,"{'L': 167, 'E': 87, 'H': 112}"
Q8ELK1,392,"{'L': 165, 'E': 93, 'H': 134}"
Q1IYK9,355,"{'L': 150, 'E': 90, 'H': 115}"
Q9RER4,341,"{'L': 157, 'E': 87, 'H': 97}"
P42176,487,"{'L': 233, 'E': 73, 'H': 181}"
P0AF32,226,"{'L': 60, 'H': 166}"
P19318,514,"{'L': 268, 'E': 69, 'H': 177}"
P42177,223,"{'L': 61, 'H': 162}"
I3R9M8,352,"{'L': 212, 'E': 56, 'H': 84}"
O54031,395,"{'L': 91, 'H': 288, 'E': 16}"
O54029,137,"{'L': 50, 'H': 87}"
Q56724,115,"{'L': 52, 'H': 63}"
Q57490,55,"{'L': 29, 'H': 26}"
O54030,134,"{'L': 87, 'E': 47}"
A1VIL5,237,"{'L': 80, 'H': 105, 'E': 52}"
Q3J6V6,220,"{'L': 76, 'H': 96, 'E': 48}"
Q3SM42,212,"{'L': 74, 'H': 94, 'E': 44}"
B8FNN4,187,"{'L': 65, 'H': 77, 'E': 45}"
P08309,231,"{'L': 92, 'H': 93, 'E': 46}"
P35150,382,"{'L': 157, 'H': 132, 'E': 93}"
Q86I79,522,"{'L': 232, 'H': 173, 'E': 117}"
P77619,434,"{'L': 219, 'E': 74, 'H': 141}"
P39042,291,"{'L': 131, 'E': 58, 'H': 102}"
P39045,538,"{'L': 260, 'H': 163, 'E': 115}"
P08075,355,"{'L': 159, 'E': 108, 'H': 88}"
P95778,289,"{'L': 109, 'E': 64, 'H': 116}"
Q9RR29,356,"{'L': 167, 'E': 107, 'H': 82}"
P55464,286,"{'L': 110, 'E': 64, 'H': 112}"
P61887,293,"{'L': 116, 'E': 64, 'H': 113}"
Q56002,244,"{'L': 126, 'H': 81, 'E': 37}"
P77985,216,"{'L': 104, 'H': 73, 'E': 39}"
Q10QH1,315,"{'L': 156, 'H': 123, 'E': 36}"
Q39218,391,"{'L': 224, 'H': 127, 'E': 40}"
P23145,269,"{'L': 155, 'H': 77, 'E': 37}"
Q0AIM3,377,"{'L': 167, 'E': 70, 'H': 140}"
C5BLJ8,383,"{'L': 175, 'E': 66, 'H': 142}"
A9I0E6,424,"{'L': 207, 'E': 69, 'H': 148}"
Q31EJ2,385,"{'L': 172, 'E': 65, 'H': 148}"
B3PFK3,380,"{'L': 172, 'E': 66, 'H': 142}"
P55394,208,"{'L': 87, 'E': 52, 'H': 69}"
P52989,200,"{'L': 78, 'E': 55, 'H': 67}"
P54291,201,"{'L': 86, 'E': 50, 'H': 65}"
Q46968,212,"{'L': 85, 'E': 59, 'H': 68}"
O87970,216,"{'L': 77, 'E': 58, 'H': 81}"
Q48943,301,"{'L': 185, 'E': 100, 'H': 16}"
O27002,400,"{'L': 208, 'E': 135, 'H': 57}"
Q58571,273,"{'L': 160, 'E': 101, 'H': 12}"
P0CW42,272,"{'L': 154, 'E': 99, 'H': 19}"
P94364,468,"{'L': 106, 'H': 338, 'E': 24}"
P94365,338,"{'L': 70, 'H': 260, 'E': 8}"
P0ABJ9,522,"{'L': 120, 'H': 376, 'E': 26}"
Q09049,537,"{'L': 118, 'H': 393, 'E': 26}"
P0ABK2,379,"{'L': 78, 'H': 281, 'E': 20}"
B5ZZ10,166,"{'L': 81, 'E': 79, 'H': 6}"
O68109,161,"{'L': 73, 'E': 84, 'H': 4}"
A1V517,170,"{'L': 78, 'E': 74, 'H': 18}"
Q92UG4,170,"{'L': 76, 'E': 81, 'H': 13}"
P32459,195,"{'L': 104, 'E': 76, 'H': 15}"
Q7VNV1,344,"{'L': 117, 'H': 182, 'E': 45}"
A0A0K1SC59,362,"{'L': 119, 'H': 195, 'E': 48}"
B4EVZ1,333,"{'L': 111, 'E': 44, 'H': 178}"
A5I0I2,335,"{'L': 115, 'H': 174, 'E': 46}"
Q3IF68,333,"{'L': 108, 'E': 45, 'H': 180}"
Q08853,1228,"{'L': 533, 'H': 531, 'E': 164}"
Q4WND5,971,"{'L': 325, 'H': 491, 'E': 155}"
P92939,1061,"{'L': 393, 'H': 497, 'E': 171}"
O55143,1044,"{'L': 355, 'H': 527, 'E': 162}"
Q37145,1020,"{'L': 308, 'H': 564, 'E': 148}"
B0R7K0,227,"{'L': 88, 'E': 68, 'H': 71}"
Q9RU32,210,"{'L': 70, 'E': 68, 'H': 72}"
O67914,208,"{'L': 72, 'E': 64, 'H': 72}"
Q4JAV0,216,"{'L': 78, 'E': 64, 'H': 74}"
Q2S320,210,"{'L': 75, 'E': 65, 'H': 70}"
O14145,849,"{'L': 352, 'E': 163, 'H': 334}"
Q1W5S8,361,"{'L': 183, 'H': 117, 'E': 61}"
Q8SSL0,718,"{'L': 318, 'E': 121, 'H': 279}"
Q6H5L4,375,"{'L': 167, 'H': 150, 'E': 58}"
Q9HIW7,229,"{'L': 77, 'E': 52, 'H': 100}"
B0U1J8,337,"{'L': 118, 'E': 80, 'H': 139}"
Q1QZ16,319,"{'L': 112, 'E': 68, 'H': 139}"
Q1BYA7,642,"{'L': 216, 'E': 104, 'H': 322}"
P58616,342,"{'L': 115, 'E': 83, 'H': 144}"
Q5P8D4,331,"{'L': 119, 'E': 70, 'H': 142}"
A5VQC8,221,"{'L': 90, 'E': 45, 'H': 86}"
A5W2U1,191,"{'L': 68, 'E': 47, 'H': 76}"
Q11FK9,208,"{'L': 84, 'E': 42, 'H': 82}"
Q48JU8,201,"{'L': 87, 'E': 44, 'H': 70}"
Q9ZL74,209,"{'L': 86, 'E': 46, 'H': 77}"
Q9K266,288,"{'L': 83, 'E': 18, 'H': 187}"
Q89AC7,280,"{'L': 71, 'E': 20, 'H': 189}"
Q9PKE2,274,"{'L': 78, 'E': 19, 'H': 177}"
Q8A337,281,"{'L': 78, 'E': 25, 'H': 178}"
B8ENH3,272,"{'L': 84, 'E': 14, 'H': 174}"
P37197,465,"{'L': 207, 'H': 244, 'E': 14}"
A0A391NGM7,379,"{'L': 220, 'H': 144, 'E': 15}"
P0DV69,367,"{'L': 206, 'E': 19, 'H': 142}"
P14532,346,"{'L': 195, 'H': 133, 'E': 18}"
A0A391NKV7,368,"{'L': 212, 'E': 15, 'H': 141}"
Q50L43,825,"{'L': 366, 'E': 199, 'H': 260}"
Q50L41,855,"{'L': 367, 'H': 255, 'E': 233}"
P07297,536,"{'L': 331, 'E': 155, 'H': 50}"
Q9EPR2,192,"{'L': 81, 'H': 107, 'E': 4}"
A8FEM3,355,"{'L': 137, 'H': 169, 'E': 49}"
A7IMW3,343,"{'L': 135, 'H': 158, 'E': 50}"
A5VK00,348,"{'L': 132, 'H': 167, 'E': 49}"
Q8DJ26,351,"{'L': 132, 'H': 167, 'E': 52}"
A0PL81,348,"{'L': 133, 'H': 166, 'E': 49}"
Q05539,253,"{'L': 135, 'H': 113, 'E': 5}"
Q41596,321,"{'L': 183, 'H': 127, 'E': 11}"
H2A0L5,466,"{'L': 188, 'E': 81, 'H': 197}"
Q9M2U5,273,"{'L': 146, 'E': 8, 'H': 119}"
P29021,254,"{'L': 136, 'H': 113, 'E': 5}"
Q98267,634,"{'L': 256, 'H': 263, 'E': 115}"
Q9Q8L4,632,"{'L': 265, 'H': 254, 'E': 113}"
Q9YW39,647,"{'L': 252, 'H': 274, 'E': 121}"
Q3TCT4,606,"{'L': 236, 'H': 271, 'E': 99}"
B8ZRH2,311,"{'L': 127, 'E': 111, 'H': 73}"
Q9YD08,280,"{'L': 118, 'E': 102, 'H': 60}"
Q3IKR4,294,"{'L': 119, 'E': 111, 'H': 64}"
P65770,267,"{'L': 115, 'E': 97, 'H': 55}"
A5VJ17,270,"{'L': 108, 'E': 104, 'H': 58}"
Q9NBX4,908,"{'L': 368, 'E': 156, 'H': 384}"
P0DV59,374,"{'L': 121, 'E': 62, 'H': 191}"
P21329,916,"{'L': 379, 'E': 150, 'H': 387}"
Q47526,312,"{'L': 105, 'H': 158, 'E': 49}"
P23071,427,"{'L': 181, 'H': 170, 'E': 76}"
P80900,383,"{'L': 147, 'E': 76, 'H': 160}"
O05650,192,"{'L': 72, 'E': 42, 'H': 78}"
Q57717,178,"{'L': 67, 'E': 38, 'H': 73}"
P80521,402,"{'L': 163, 'H': 168, 'E': 71}"
O27772,180,"{'L': 71, 'E': 38, 'H': 71}"
Q9W4N2,788,"{'L': 360, 'H': 277, 'E': 151}"
A8XYX2,874,"{'L': 402, 'H': 326, 'E': 146}"
Q38AH0,370,"{'L': 159, 'E': 53, 'H': 158}"
P41469,262,"{'L': 103, 'H': 120, 'E': 39}"
Q4E123,362,"{'L': 147, 'E': 52, 'H': 163}"
B2AE04,398,"{'L': 223, 'E': 50, 'H': 125}"
P0C2S1,895,"{'L': 488, 'H': 251, 'E': 156}"
P50401,872,"{'L': 479, 'E': 234, 'H': 159}"
P50899,1090,"{'L': 545, 'H': 249, 'E': 296}"
B2AC20,419,"{'L': 225, 'E': 43, 'H': 151}"
P15043,609,"{'L': 240, 'H': 292, 'E': 77}"
B0R7Q2,783,"{'L': 307, 'E': 97, 'H': 379}"
Q9YFQ8,735,"{'L': 245, 'E': 101, 'H': 389}"
O94762,991,"{'L': 541, 'H': 383, 'E': 67}"
O26901,690,"{'L': 240, 'H': 364, 'E': 86}"
Q9M8T9,247,"{'L': 107, 'E': 58, 'H': 82}"
Q06592,156,"{'L': 65, 'E': 34, 'H': 57}"
Q07794,436,"{'L': 205, 'H': 140, 'E': 91}"
P34545,2017,"{'L': 1352, 'H': 551, 'E': 114}"
P62915,316,"{'L': 164, 'H': 139, 'E': 13}"
Q7VE16,155,"{'L': 66, 'E': 50, 'H': 39}"
A2CDA0,151,"{'L': 57, 'H': 41, 'E': 53}"
Q46HJ9,155,"{'L': 67, 'H': 40, 'E': 48}"
A9BD34,151,"{'L': 59, 'E': 53, 'H': 39}"
A2BNW8,150,"{'L': 58, 'H': 40, 'E': 52}"
Q6CWT7,681,"{'L': 335, 'H': 251, 'E': 95}"
Q5KH67,678,"{'L': 381, 'E': 77, 'H': 220}"
Q9C1W8,577,"{'L': 326, 'E': 77, 'H': 174}"
Q756F2,594,"{'L': 300, 'H': 219, 'E': 75}"
Q6CEE7,747,"{'L': 425, 'E': 79, 'H': 243}"
Q92L99,308,"{'L': 136, 'E': 69, 'H': 103}"
A1A3D2,344,"{'L': 162, 'E': 69, 'H': 113}"
E3H7X6,302,"{'L': 138, 'E': 69, 'H': 95}"
A5N8M0,309,"{'L': 140, 'E': 68, 'H': 101}"
Q31RB6,299,"{'L': 129, 'E': 69, 'H': 101}"
Q93GX3,257,"{'L': 122, 'E': 68, 'H': 67}"
O30405,356,"{'L': 171, 'E': 73, 'H': 112}"
Q9FGT9,753,"{'L': 379, 'E': 142, 'H': 232}"
D5V0N9,273,"{'L': 136, 'E': 74, 'H': 63}"
E3GCF1,278,"{'L': 137, 'E': 68, 'H': 73}"
Q4WV38,484,"{'L': 216, 'E': 87, 'H': 181}"
A0A1D8PLH0,432,"{'L': 136, 'E': 98, 'H': 198}"
I1RZD0,443,"{'L': 171, 'E': 92, 'H': 180}"
P24521,451,"{'L': 161, 'E': 96, 'H': 194}"
Q9KWG3,374,"{'L': 125, 'E': 86, 'H': 163}"
A1SSJ9,400,"{'L': 174, 'E': 65, 'H': 161}"
A8GD62,399,"{'L': 169, 'E': 65, 'H': 165}"
C5BQC9,396,"{'L': 166, 'E': 65, 'H': 165}"
A0B3G1,400,"{'L': 172, 'E': 67, 'H': 161}"
Q6LP67,400,"{'L': 163, 'E': 66, 'H': 171}"
Q2QM00,487,"{'L': 227, 'H': 191, 'E': 69}"
Q9WTK8,396,"{'L': 144, 'H': 190, 'E': 62}"
O29322,360,"{'L': 112, 'H': 179, 'E': 69}"
A0A0J9WZF0,627,"{'L': 256, 'H': 239, 'E': 132}"
P22447,650,"{'L': 251, 'H': 252, 'E': 147}"
A1C9D4,272,"{'L': 136, 'H': 78, 'E': 58}"
Q7RWX8,290,"{'L': 155, 'E': 61, 'H': 74}"
Q9Y871,536,"{'L': 386, 'H': 69, 'E': 81}"
G2QND5,291,"{'L': 161, 'E': 54, 'H': 76}"
Q9HGR3,292,"{'L': 161, 'E': 55, 'H': 76}"
Q59940,393,"{'L': 142, 'E': 71, 'H': 180}"
P39126,423,"{'L': 145, 'E': 75, 'H': 203}"
D4GU92,419,"{'L': 156, 'E': 75, 'H': 188}"
P56063,425,"{'L': 172, 'E': 79, 'H': 174}"
O14254,439,"{'L': 171, 'E': 83, 'H': 185}"
P0CX77,362,"{'L': 179, 'E': 72, 'H': 111}"
O34482,375,"{'L': 203, 'E': 71, 'H': 101}"
Q9RRX9,322,"{'L': 156, 'E': 76, 'H': 90}"
P9WPX5,315,"{'L': 142, 'E': 68, 'H': 105}"
P50286,330,"{'L': 144, 'E': 76, 'H': 110}"
P9WK19,285,"{'L': 147, 'E': 67, 'H': 71}"
P57324,264,"{'L': 118, 'E': 72, 'H': 74}"
P53582,386,"{'L': 196, 'E': 75, 'H': 115}"
O59730,379,"{'L': 200, 'E': 78, 'H': 101}"
Q9FV50,350,"{'L': 192, 'E': 78, 'H': 80}"
Q8P1N3,472,"{'L': 224, 'E': 91, 'H': 157}"
Q8G6Z9,533,"{'L': 257, 'E': 94, 'H': 182}"
P0DD26,499,"{'L': 236, 'E': 103, 'H': 160}"
Q48841,473,"{'L': 216, 'H': 163, 'E': 94}"
Q9CFC3,474,"{'L': 221, 'H': 162, 'E': 91}"
A1RS58,309,"{'L': 89, 'E': 62, 'H': 158}"
Q9V0D5,362,"{'L': 145, 'E': 63, 'H': 154}"
C0R4Y0,316,"{'L': 104, 'E': 61, 'H': 151}"
Q9PHY2,300,"{'L': 93, 'E': 62, 'H': 145}"
C4K2E2,321,"{'L': 98, 'E': 63, 'H': 160}"
Q5F4A1,742,"{'L': 392, 'H': 278, 'E': 72}"
Q5RJY2,716,"{'L': 357, 'H': 279, 'E': 80}"
Q3T1H6,370,"{'L': 176, 'E': 129, 'H': 65}"
Q8ZNR3,782,"{'L': 373, 'H': 352, 'E': 57}"
Q7Z6J8,389,"{'L': 187, 'E': 132, 'H': 70}"
Q6FXN3,179,"{'L': 70, 'E': 36, 'H': 73}"
A3LZD1,173,"{'L': 76, 'E': 37, 'H': 60}"
Q6CHN5,169,"{'L': 66, 'E': 40, 'H': 63}"
Q5A1V3,156,"{'L': 61, 'E': 42, 'H': 53}"
A1D1B7,200,"{'L': 82, 'E': 42, 'H': 76}"
P9WK16,741,"{'L': 274, 'E': 133, 'H': 334}"
Q8T2K9,543,"{'L': 202, 'E': 65, 'H': 276}"
P21826,554,"{'L': 226, 'E': 62, 'H': 266}"
Q5YWU1,726,"{'L': 260, 'E': 134, 'H': 332}"
Q87Z72,725,"{'L': 254, 'E': 130, 'H': 341}"
Q54E83,476,"{'L': 157, 'H': 194, 'E': 125}"
O22494,546,"{'L': 233, 'H': 192, 'E': 121}"
P35669,498,"{'L': 168, 'H': 200, 'E': 130}"
P46416,539,"{'L': 213, 'H': 203, 'E': 123}"
P46413,474,"{'L': 155, 'H': 202, 'E': 117}"
Q5LIC7,695,"{'L': 339, 'H': 107, 'E': 249}"
Q4FAT7,652,"{'L': 303, 'E': 197, 'H': 152}"
T2KN75,981,"{'L': 506, 'H': 128, 'E': 347}"
T2KPJ7,824,"{'L': 415, 'E': 290, 'H': 119}"
Q8E0N2,599,"{'L': 292, 'E': 196, 'H': 111}"
P37940,330,"{'L': 124, 'H': 168, 'E': 38}"
Q5SLR4,367,"{'L': 152, 'E': 39, 'H': 176}"
O45924,431,"{'L': 168, 'H': 221, 'E': 42}"
P11178,455,"{'L': 223, 'H': 191, 'E': 41}"
Q9LPL5,472,"{'L': 224, 'H': 201, 'E': 47}"
B1AJ73,598,"{'L': 287, 'H': 180, 'E': 131}"
B8HA07,585,"{'L': 283, 'H': 175, 'E': 127}"
C5BUP0,107,"{'L': 68, 'E': 33, 'H': 6}"
P9WFF1,577,"{'L': 287, 'H': 173, 'E': 117}"
P94668,102,"{'L': 63, 'E': 32, 'H': 7}"
Q9C8D1,431,"{'L': 154, 'H': 265, 'E': 12}"
O81851,304,"{'L': 170, 'H': 119, 'E': 15}"
P32511,405,"{'L': 184, 'E': 54, 'H': 167}"
Q94B55,456,"{'L': 267, 'H': 168, 'E': 21}"
Q9SY88,310,"{'L': 163, 'H': 102, 'E': 45}"
A2SQH8,140,"{'L': 63, 'E': 24, 'H': 53}"
D5VUB0,145,"{'L': 66, 'E': 24, 'H': 55}"
Q2NHB2,148,"{'L': 72, 'E': 19, 'H': 57}"
D5EBS7,142,"{'L': 69, 'E': 24, 'H': 49}"
D2RES5,155,"{'L': 65, 'E': 24, 'H': 66}"
Q0SPE9,207,"{'L': 71, 'E': 39, 'H': 97}"
B9DNJ4,208,"{'L': 69, 'E': 41, 'H': 98}"
A0Q140,208,"{'L': 69, 'E': 41, 'H': 98}"
A0AIU6,209,"{'L': 70, 'E': 41, 'H': 98}"
B1IC10,212,"{'L': 72, 'E': 41, 'H': 99}"
P57212,208,"{'L': 73, 'E': 83, 'H': 52}"
Q9Z820,200,"{'L': 79, 'E': 78, 'H': 43}"
P0AFU8,213,"{'L': 80, 'E': 82, 'H': 51}"
P50854,215,"{'L': 90, 'E': 85, 'H': 40}"
P45273,204,"{'L': 74, 'E': 85, 'H': 45}"
P53218,158,"{'L': 56, 'E': 54, 'H': 48}"
Q46BE1,249,"{'L': 83, 'E': 20, 'H': 146}"
Q58360,233,"{'L': 54, 'E': 21, 'H': 158}"
Q8TZS0,214,"{'L': 79, 'E': 33, 'H': 102}"
Q5V059,224,"{'L': 68, 'E': 18, 'H': 138}"
B9KXN0,116,"{'L': 32, 'E': 55, 'H': 29}"
A4G0Y9,122,"{'L': 32, 'E': 53, 'H': 37}"
Q8K9T6,268,"{'L': 92, 'E': 84, 'H': 92}"
A5N8H9,126,"{'L': 41, 'E': 53, 'H': 32}"
P0C0A0,128,"{'L': 44, 'E': 52, 'H': 32}"
Q9AV39,301,"{'L': 92, 'H': 203, 'E': 6}"
B8B4W4,258,"{'L': 89, 'H': 157, 'E': 12}"
Q6ETL8,628,"{'L': 226, 'H': 335, 'E': 67}"
Q69PA8,619,"{'L': 211, 'H': 338, 'E': 70}"
Q69L93,268,"{'L': 71, 'H': 191, 'E': 6}"
Q9Z2B1,614,"{'L': 299, 'H': 140, 'E': 175}"
P13504,576,"{'L': 266, 'H': 129, 'E': 181}"
Q9ERS7,574,"{'L': 261, 'H': 128, 'E': 185}"
Q86DA5,981,"{'L': 506, 'H': 451, 'E': 24}"
P59824,696,"{'L': 368, 'H': 144, 'E': 184}"
Q9RVC3,416,"{'L': 179, 'E': 87, 'H': 150}"
Q1AVY7,436,"{'L': 198, 'E': 99, 'H': 139}"
Q2LVI3,426,"{'L': 189, 'E': 97, 'H': 140}"
Q7UNR2,456,"{'L': 205, 'H': 157, 'E': 94}"
Q18C47,421,"{'L': 194, 'E': 91, 'H': 136}"
Q3AET1,269,"{'L': 99, 'E': 72, 'H': 98}"
B9E6R6,276,"{'L': 96, 'E': 71, 'H': 109}"
C0ZBW9,276,"{'L': 93, 'E': 73, 'H': 110}"
Q8ERL9,273,"{'L': 105, 'E': 68, 'H': 100}"
Q67N40,274,"{'L': 100, 'E': 68, 'H': 106}"
Q892D0,294,"{'L': 139, 'H': 119, 'E': 36}"
B0RS35,272,"{'L': 118, 'H': 112, 'E': 42}"
Q0TSP9,295,"{'L': 121, 'H': 139, 'E': 35}"
Q834L8,303,"{'L': 141, 'H': 127, 'E': 35}"
Q97FL9,242,"{'L': 91, 'H': 115, 'E': 36}"
Q57956,187,"{'L': 69, 'E': 41, 'H': 77}"
O29779,187,"{'L': 69, 'E': 36, 'H': 82}"
O27114,189,"{'L': 60, 'E': 36, 'H': 93}"
O53182,653,"{'L': 276, 'E': 123, 'H': 254}"
O29781,346,"{'L': 135, 'E': 77, 'H': 134}"
B2S3N6,426,"{'L': 158, 'H': 183, 'E': 85}"
Q6F2A0,422,"{'L': 146, 'H': 194, 'E': 82}"
A5FX43,433,"{'L': 163, 'H': 190, 'E': 80}"
Q6KIJ8,421,"{'L': 156, 'H': 186, 'E': 79}"
A1A0B7,428,"{'L': 152, 'H': 193, 'E': 83}"
Q8DLN9,266,"{'L': 87, 'H': 139, 'E': 40}"
A8Z5Y2,251,"{'L': 93, 'H': 118, 'E': 40}"
A0AZ71,271,"{'L': 96, 'H': 133, 'E': 42}"
P50382,245,"{'L': 84, 'E': 41, 'H': 120}"
A1WY05,273,"{'L': 88, 'H': 142, 'E': 43}"
P9WIS9,930,"{'L': 428, 'H': 404, 'E': 98}"
Q0J0H4,376,"{'L': 182, 'E': 56, 'H': 138}"
P35488,327,"{'L': 136, 'E': 59, 'H': 132}"
Q4UKQ7,326,"{'L': 135, 'E': 56, 'H': 135}"
A2CI50,335,"{'L': 140, 'E': 61, 'H': 134}"
D2CSU4,324,"{'L': 156, 'H': 160, 'E': 8}"
Q9S7H4,265,"{'L': 101, 'H': 156, 'E': 8}"
Q84FH6,122,"{'L': 47, 'E': 34, 'H': 41}"
P42738,340,"{'L': 184, 'E': 4, 'H': 152}"
B4FUP5,253,"{'L': 98, 'H': 155}"
Q7NFT5,872,"{'L': 316, 'H': 507, 'E': 49}"
Q9XQV2,776,"{'L': 275, 'H': 485, 'E': 16}"
P05310,758,"{'L': 268, 'E': 38, 'H': 452}"
Q7NFT6,783,"{'L': 280, 'E': 56, 'H': 447}"
A2CC73,776,"{'L': 285, 'E': 46, 'H': 445}"
P24873,144,"{'L': 32, 'H': 112}"
Q36460,166,"{'L': 44, 'H': 122}"
Q94VK0,321,"{'L': 91, 'H': 228, 'E': 2}"
Q70UT9,98,"{'L': 13, 'H': 83, 'E': 2}"
P12773,97,"{'L': 12, 'H': 83, 'E': 2}"
P52478,192,"{'L': 104, 'H': 60, 'E': 28}"
O13685,148,"{'L': 68, 'H': 52, 'E': 28}"
Q86K32,154,"{'L': 76, 'H': 52, 'E': 26}"
Q95LM1,322,"{'L': 167, 'H': 128, 'E': 27}"
F4HPP7,316,"{'L': 142, 'H': 138, 'E': 36}"
G5ED68,676,"{'L': 307, 'H': 274, 'E': 95}"
Q9EP69,587,"{'L': 220, 'E': 133, 'H': 234}"
P32368,623,"{'L': 245, 'E': 158, 'H': 220}"
Q9W0I6,592,"{'L': 224, 'E': 134, 'H': 234}"
P47147,688,"{'L': 334, 'E': 90, 'H': 264}"
P9WFV7,463,"{'L': 179, 'H': 156, 'E': 128}"
A2SL95,318,"{'L': 107, 'H': 148, 'E': 63}"
Q65R50,313,"{'L': 105, 'H': 135, 'E': 73}"
Q6AHF7,463,"{'L': 164, 'H': 163, 'E': 136}"
C4XS53,290,"{'L': 93, 'H': 136, 'E': 61}"
P47180,361,"{'L': 188, 'E': 160, 'H': 13}"
Q5B508,364,"{'L': 190, 'E': 158, 'H': 16}"
Q5ATQ3,380,"{'L': 206, 'E': 157, 'H': 17}"
P26214,362,"{'L': 182, 'E': 161, 'H': 19}"
Q12708,380,"{'L': 194, 'H': 27, 'E': 159}"
A1U339,353,"{'L': 130, 'E': 70, 'H': 153}"
P30318,1014,"{'L': 420, 'E': 228, 'H': 366}"
Q8FW50,445,"{'L': 196, 'E': 84, 'H': 165}"
O08307,942,"{'L': 342, 'E': 122, 'H': 478}"
Q8K983,363,"{'L': 116, 'H': 216, 'E': 31}"
P54202,367,"{'L': 162, 'E': 90, 'H': 115}"
P9WQC7,375,"{'L': 163, 'E': 90, 'H': 122}"
P00332,350,"{'L': 158, 'E': 89, 'H': 103}"
N4WW42,196,"{'L': 87, 'E': 27, 'H': 82}"
P86883,375,"{'L': 174, 'E': 92, 'H': 109}"
Q556F2,170,"{'L': 51, 'H': 104, 'E': 15}"
P37161,142,"{'L': 77, 'E': 9, 'H': 56}"
P11941,144,"{'L': 79, 'E': 13, 'H': 52}"
P48816,137,"{'L': 70, 'E': 14, 'H': 53}"
Q2FN14,400,"{'L': 161, 'E': 99, 'H': 140}"
O30186,399,"{'L': 158, 'E': 102, 'H': 139}"
B6YUL1,405,"{'L': 158, 'E': 100, 'H': 147}"
A0B742,399,"{'L': 156, 'E': 100, 'H': 143}"
Q12WC8,401,"{'L': 164, 'E': 105, 'H': 132}"
Q9ZV56,332,"{'L': 170, 'E': 26, 'H': 136}"
O74975,362,"{'L': 207, 'H': 127, 'E': 28}"
Q811Q9,369,"{'L': 200, 'E': 30, 'H': 139}"
P49583,362,"{'L': 180, 'E': 32, 'H': 150}"
P19836,367,"{'L': 197, 'E': 30, 'H': 140}"
P07191,567,"{'L': 301, 'H': 158, 'E': 108}"
Q9Z3R8,551,"{'L': 280, 'E': 103, 'H': 168}"
Q9AI65,453,"{'L': 169, 'E': 66, 'H': 218}"
P13080,579,"{'L': 293, 'E': 111, 'H': 175}"
P43473,557,"{'L': 279, 'H': 183, 'E': 95}"
Q5SKC5,205,"{'L': 92, 'H': 88, 'E': 25}"
Q8ZYS2,196,"{'L': 70, 'H': 96, 'E': 30}"
O28007,199,"{'L': 75, 'H': 94, 'E': 30}"
Q9WYY1,192,"{'L': 70, 'H': 95, 'E': 27}"
Q96YD0,220,"{'L': 92, 'H': 98, 'E': 30}"
Q838U8,487,"{'L': 139, 'H': 273, 'E': 75}"
A0KJB0,743,"{'L': 427, 'E': 243, 'H': 73}"
A2PU44,601,"{'L': 291, 'E': 214, 'H': 96}"
B1YJZ8,340,"{'L': 121, 'H': 156, 'E': 63}"
Q3ABT4,340,"{'L': 124, 'H': 153, 'E': 63}"
A9KHY1,339,"{'L': 126, 'H': 150, 'E': 63}"
Q0C530,358,"{'L': 134, 'H': 152, 'E': 72}"
A9H167,356,"{'L': 132, 'H': 155, 'E': 69}"
Q38XI1,396,"{'L': 179, 'E': 80, 'H': 137}"
Q97HE6,390,"{'L': 169, 'E': 84, 'H': 137}"
B9DKM0,396,"{'L': 183, 'E': 83, 'H': 130}"
Q67ND8,393,"{'L': 177, 'E': 81, 'H': 135}"
C0ZC50,390,"{'L': 173, 'E': 83, 'H': 134}"
A4G8D5,368,"{'L': 125, 'E': 62, 'H': 181}"
Q7N0P6,325,"{'L': 115, 'E': 52, 'H': 158}"
Q47HJ6,367,"{'L': 129, 'E': 61, 'H': 177}"
Q12KR9,338,"{'L': 115, 'E': 62, 'H': 161}"
B2RHB4,345,"{'L': 131, 'H': 161, 'E': 53}"
A5WDP0,213,"{'L': 93, 'H': 85, 'E': 35}"
Q3K1L6,223,"{'L': 85, 'E': 36, 'H': 102}"
A5VKA1,215,"{'L': 82, 'H': 97, 'E': 36}"
B2GBV5,213,"{'L': 90, 'H': 89, 'E': 34}"
A7IGG9,211,"{'L': 91, 'E': 36, 'H': 84}"
Q8K9N9,333,"{'L': 149, 'E': 184}"
Q492W6,337,"{'L': 164, 'E': 170, 'H': 3}"
A4TNQ8,334,"{'L': 153, 'E': 172, 'H': 9}"
O34499,349,"{'L': 169, 'E': 180}"
T2KMF9,353,"{'L': 175, 'E': 178}"
P21220,229,"{'L': 108, 'H': 89, 'E': 32}"
Q7SID3,233,"{'L': 115, 'H': 86, 'E': 32}"
Q53117,235,"{'L': 116, 'H': 86, 'E': 33}"
P13449,212,"{'L': 115, 'H': 68, 'E': 29}"
P97052,217,"{'L': 118, 'H': 66, 'E': 33}"
Q9UVX1,754,"{'L': 424, 'H': 258, 'E': 72}"
O93795,608,"{'L': 301, 'E': 83, 'H': 224}"
D4ANV2,643,"{'L': 353, 'E': 75, 'H': 215}"
O42790,653,"{'L': 341, 'E': 72, 'H': 240}"
Q7M3V4,152,"{'L': 97, 'H': 36, 'E': 19}"
Q8R2Y8,181,"{'L': 69, 'H': 85, 'E': 27}"
Q97CB4,117,"{'L': 38, 'E': 27, 'H': 52}"
Q8ZYM4,120,"{'L': 38, 'E': 29, 'H': 53}"
Q12WH8,115,"{'L': 37, 'E': 28, 'H': 50}"
Q14197,206,"{'L': 105, 'H': 82, 'E': 19}"
Q0AFF1,655,"{'L': 288, 'E': 154, 'H': 213}"
Q82EL5,652,"{'L': 302, 'E': 152, 'H': 198}"
Q9CMW1,653,"{'L': 283, 'E': 151, 'H': 219}"
Q2LW77,647,"{'L': 275, 'E': 159, 'H': 213}"
Q1AXQ5,644,"{'L': 278, 'E': 159, 'H': 207}"
C6H178,667,"{'L': 294, 'E': 147, 'H': 226}"
Q48727,998,"{'L': 473, 'H': 145, 'E': 380}"
Q8D4H3,1032,"{'L': 496, 'H': 144, 'E': 392}"
A6T8X0,1035,"{'L': 493, 'H': 149, 'E': 393}"
O69315,645,"{'L': 283, 'E': 132, 'H': 230}"
P00900,193,"{'L': 78, 'E': 60, 'H': 55}"
P00902,194,"{'L': 79, 'E': 60, 'H': 55}"
P06558,208,"{'L': 91, 'E': 60, 'H': 57}"
P09786,200,"{'L': 81, 'E': 59, 'H': 60}"
Q06129,195,"{'L': 80, 'E': 62, 'H': 53}"
Q9U3X4,626,"{'L': 284, 'E': 130, 'H': 212}"
P00363,602,"{'L': 245, 'E': 110, 'H': 247}"
P31038,596,"{'L': 245, 'H': 222, 'E': 129}"
O82663,634,"{'L': 296, 'H': 214, 'E': 124}"
Q59661,600,"{'L': 249, 'E': 125, 'H': 226}"
P28855,228,"{'L': 76, 'E': 26, 'H': 126}"
Q9E6P5,352,"{'L': 120, 'H': 188, 'E': 44}"
P09250,341,"{'L': 108, 'E': 44, 'H': 189}"
P95189,260,"{'L': 97, 'H': 97, 'E': 66}"
Q9I6F6,217,"{'L': 69, 'E': 38, 'H': 110}"
P56160,259,"{'L': 100, 'H': 95, 'E': 64}"
P0DV34,222,"{'L': 76, 'E': 33, 'H': 113}"
Q8NS80,260,"{'L': 102, 'H': 92, 'E': 66}"
Q6CQL7,267,"{'L': 119, 'E': 64, 'H': 84}"
Q9HFV5,279,"{'L': 116, 'E': 74, 'H': 89}"
P40545,261,"{'L': 116, 'E': 61, 'H': 84}"
Q7RXQ8,257,"{'L': 106, 'E': 62, 'H': 89}"
O82782,304,"{'L': 148, 'E': 67, 'H': 89}"
Q9SHJ0,360,"{'L': 202, 'E': 48, 'H': 110}"
Q9LXM2,280,"{'L': 126, 'E': 43, 'H': 111}"
Q17345,310,"{'L': 153, 'E': 37, 'H': 120}"
Q9C2R2,793,"{'L': 492, 'H': 190, 'E': 111}"
Q9LS39,448,"{'L': 245, 'E': 100, 'H': 103}"
B8N7S7,667,"{'L': 508, 'E': 104, 'H': 55}"
Q4X084,652,"{'L': 494, 'E': 102, 'H': 56}"
A1C7B5,639,"{'L': 477, 'E': 109, 'H': 53}"
Q5BAP5,626,"{'L': 466, 'E': 107, 'H': 53}"
A2QBQ3,739,"{'L': 585, 'E': 103, 'H': 51}"
B3E7P9,161,"{'L': 74, 'E': 55, 'H': 32}"
A5F1A0,233,"{'L': 96, 'H': 78, 'E': 59}"
Q2INJ4,171,"{'L': 78, 'E': 58, 'H': 35}"
A4FXW1,154,"{'L': 57, 'E': 57, 'H': 40}"
Q5WFS5,159,"{'L': 66, 'E': 57, 'H': 36}"
Q9HN21,149,"{'L': 65, 'E': 29, 'H': 55}"
P61191,139,"{'L': 52, 'E': 28, 'H': 59}"
Q8RHY7,136,"{'L': 52, 'E': 28, 'H': 56}"
Q5V467,151,"{'L': 61, 'E': 31, 'H': 59}"
Q5V3F0,148,"{'L': 45, 'E': 31, 'H': 72}"
P52496,928,"{'L': 428, 'H': 338, 'E': 162}"
Q08387,944,"{'L': 428, 'E': 161, 'H': 355}"
A5UKX2,551,"{'L': 197, 'E': 121, 'H': 233}"
Q54CR9,1088,"{'L': 566, 'E': 165, 'H': 357}"
Q9C1W9,774,"{'L': 350, 'H': 308, 'E': 116}"
P79023,370,"{'L': 169, 'H': 142, 'E': 59}"
P44303,362,"{'L': 165, 'H': 134, 'E': 63}"
P14843,370,"{'L': 166, 'E': 66, 'H': 138}"
Q9WYH8,338,"{'L': 139, 'E': 73, 'H': 126}"
P46245,348,"{'L': 153, 'H': 134, 'E': 61}"
P16687,354,"{'L': 161, 'H': 144, 'E': 49}"
Q52986,368,"{'L': 157, 'H': 161, 'E': 50}"
Q52984,156,"{'L': 45, 'H': 75, 'E': 36}"
P16679,226,"{'L': 83, 'E': 56, 'H': 87}"
P16685,150,"{'L': 42, 'H': 72, 'E': 36}"
Q55535,157,"{'L': 61, 'E': 20, 'H': 76}"
A5D7P0,477,"{'L': 341, 'H': 107, 'E': 29}"
P30310,599,"{'L': 462, 'H': 107, 'E': 30}"
Q10038,657,"{'L': 478, 'E': 47, 'H': 132}"
O52787,142,"{'L': 61, 'E': 22, 'H': 59}"
Q6C783,391,"{'L': 151, 'E': 128, 'H': 112}"
P40997,402,"{'L': 177, 'E': 114, 'H': 111}"
Q6BT58,458,"{'L': 223, 'E': 122, 'H': 113}"
Q7SB53,402,"{'L': 166, 'E': 117, 'H': 119}"
P78587,449,"{'L': 205, 'E': 125, 'H': 119}"
A4XCT1,333,"{'L': 113, 'H': 177, 'E': 43}"
Q5Z2W1,318,"{'L': 102, 'H': 164, 'E': 52}"
Q3KH95,442,"{'L': 175, 'H': 182, 'E': 85}"
Q9A3H7,408,"{'L': 189, 'H': 143, 'E': 76}"
C1BA63,325,"{'L': 101, 'H': 174, 'E': 50}"
B0R2Q7,452,"{'L': 147, 'H': 210, 'E': 95}"
P77978,412,"{'L': 154, 'H': 167, 'E': 91}"
Q8TH22,453,"{'L': 157, 'H': 213, 'E': 83}"
Q973E7,413,"{'L': 150, 'H': 169, 'E': 94}"
A7I912,460,"{'L': 160, 'H': 209, 'E': 91}"
A1VF73,297,"{'L': 160, 'E': 67, 'H': 70}"
Q8NSV0,289,"{'L': 145, 'E': 66, 'H': 78}"
Q492H3,261,"{'L': 122, 'E': 70, 'H': 69}"
Q6MQH6,262,"{'L': 121, 'E': 75, 'H': 66}"
Q6A6S8,279,"{'L': 132, 'E': 69, 'H': 78}"
P81942,210,"{'L': 63, 'E': 20, 'H': 127}"
O15217,222,"{'L': 74, 'E': 20, 'H': 128}"
Q6AXY0,222,"{'L': 71, 'E': 20, 'H': 131}"
Q09652,226,"{'L': 81, 'E': 22, 'H': 123}"
P46419,219,"{'L': 74, 'E': 26, 'H': 119}"
A1JHV9,565,"{'L': 245, 'H': 206, 'E': 114}"
C1DIC2,560,"{'L': 257, 'H': 198, 'E': 105}"
A4XPF7,562,"{'L': 247, 'H': 203, 'E': 112}"
Q1QXD7,629,"{'L': 280, 'H': 232, 'E': 117}"
B7UM69,561,"{'L': 221, 'H': 229, 'E': 111}"
B3QZE2,537,"{'L': 220, 'E': 72, 'H': 245}"
Q28W37,306,"{'L': 125, 'H': 138, 'E': 43}"
Q132N5,312,"{'L': 147, 'E': 43, 'H': 122}"
P36437,687,"{'L': 329, 'H': 288, 'E': 70}"
B0TBM6,287,"{'L': 123, 'E': 43, 'H': 121}"
G5EBV6,693,"{'L': 380, 'E': 6, 'H': 307}"
Q9TZQ3,730,"{'L': 419, 'E': 6, 'H': 305}"
P30289,141,"{'L': 105, 'E': 21, 'H': 15}"
E3M3V1,779,"{'L': 457, 'E': 6, 'H': 316}"
P05798,96,"{'L': 63, 'E': 19, 'H': 14}"
Q84JL5,633,"{'L': 326, 'H': 247, 'E': 60}"
Q10MC0,628,"{'L': 313, 'H': 255, 'E': 60}"
Q9SW48,571,"{'L': 293, 'H': 218, 'E': 60}"
F8DT27,413,"{'L': 209, 'E': 175, 'H': 29}"
Q9FK88,617,"{'L': 334, 'E': 62, 'H': 221}"
P54555,448,"{'L': 141, 'H': 246, 'E': 61}"
A6V271,448,"{'L': 146, 'E': 62, 'H': 240}"
A5W4Y8,449,"{'L': 146, 'E': 63, 'H': 240}"
A8GES6,445,"{'L': 143, 'H': 240, 'E': 62}"
Q5WGL6,440,"{'L': 145, 'E': 62, 'H': 233}"
P86926,469,"{'L': 210, 'E': 76, 'H': 183}"
Q5PR55,325,"{'L': 177, 'E': 92, 'H': 56}"
Q8BHN7,327,"{'L': 183, 'E': 90, 'H': 54}"
Q10313,787,"{'L': 323, 'E': 184, 'H': 280}"
A0M2G0,214,"{'L': 82, 'H': 60, 'E': 72}"
P38075,228,"{'L': 98, 'H': 60, 'E': 70}"
Q31IR4,216,"{'L': 82, 'H': 64, 'E': 70}"
Q73G09,216,"{'L': 69, 'H': 77, 'E': 70}"
Q5FPH2,200,"{'L': 73, 'H': 57, 'E': 70}"
P83589,346,"{'L': 166, 'E': 51, 'H': 129}"
P00348,314,"{'L': 102, 'H': 170, 'E': 42}"
P34439,298,"{'L': 112, 'E': 43, 'H': 143}"
P41938,309,"{'L': 118, 'E': 42, 'H': 149}"
Q0AVM2,279,"{'L': 91, 'E': 43, 'H': 145}"
Q9RXR4,662,"{'L': 277, 'H': 278, 'E': 107}"
Q7VEG4,648,"{'L': 260, 'H': 281, 'E': 107}"
A0A1S3YCW2,733,"{'L': 339, 'H': 294, 'E': 100}"
A8AAB6,144,"{'L': 56, 'E': 54, 'H': 34}"
Q7UTS2,668,"{'L': 272, 'H': 289, 'E': 107}"
P29599,269,"{'L': 131, 'E': 56, 'H': 82}"
P28842,420,"{'L': 226, 'E': 94, 'H': 100}"
P09230,454,"{'L': 235, 'H': 127, 'E': 92}"
P00782,382,"{'L': 205, 'E': 79, 'H': 98}"
Q5JIZ5,663,"{'L': 325, 'E': 224, 'H': 114}"
Q0DWC7,836,"{'L': 314, 'H': 403, 'E': 119}"
P94438,400,"{'L': 79, 'H': 284, 'E': 37}"
P44604,567,"{'L': 120, 'H': 386, 'E': 61}"
P55183,406,"{'L': 85, 'H': 286, 'E': 35}"
O31516,577,"{'L': 139, 'H': 326, 'E': 112}"
P71013,193,"{'L': 92, 'H': 49, 'E': 52}"
Q8H0W1,291,"{'L': 188, 'H': 50, 'E': 53}"
P41027,182,"{'L': 86, 'H': 45, 'E': 51}"
P57347,314,"{'L': 137, 'H': 83, 'E': 94}"
P0A070,191,"{'L': 86, 'H': 53, 'E': 52}"
Q9I4D3,315,"{'L': 145, 'E': 143, 'H': 27}"
Q5M827,291,"{'L': 132, 'E': 137, 'H': 22}"
Q9I163,286,"{'L': 113, 'E': 142, 'H': 31}"
P73623,232,"{'L': 97, 'E': 125, 'H': 10}"
Q9I4C8,232,"{'L': 95, 'E': 127, 'H': 10}"
Q927E6,329,"{'L': 138, 'H': 111, 'E': 80}"
Q92EU3,216,"{'L': 52, 'E': 6, 'H': 158}"
Q92EU2,331,"{'L': 132, 'H': 112, 'E': 87}"
Q9CIV7,192,"{'L': 50, 'H': 142}"
P76015,356,"{'L': 136, 'H': 114, 'E': 106}"
Q7S724,212,"{'L': 96, 'E': 41, 'H': 75}"
O04147,181,"{'L': 69, 'E': 51, 'H': 61}"
P53314,239,"{'L': 102, 'E': 52, 'H': 85}"
Q59PZ7,246,"{'L': 98, 'E': 49, 'H': 99}"
Q0UME8,193,"{'L': 86, 'E': 40, 'H': 67}"
Q5BCC5,228,"{'L': 73, 'H': 124, 'E': 31}"
O24855,221,"{'L': 69, 'H': 117, 'E': 35}"
P43166,264,"{'L': 151, 'H': 39, 'E': 74}"
O94255,328,"{'L': 153, 'H': 143, 'E': 32}"
Q16790,459,"{'L': 292, 'H': 80, 'E': 87}"
Q5BMR2,1807,"{'L': 1047, 'H': 477, 'E': 283}"
Q54Z25,1640,"{'L': 959, 'H': 497, 'E': 184}"
Q54K50,438,"{'L': 201, 'H': 129, 'E': 108}"
P93844,817,"{'L': 412, 'E': 206, 'H': 199}"
Q9C5Y0,868,"{'L': 430, 'E': 222, 'H': 216}"
P10901,461,"{'L': 227, 'H': 152, 'E': 82}"
Q9VTJ4,494,"{'L': 271, 'H': 137, 'E': 86}"
Q8GW72,506,"{'L': 254, 'H': 151, 'E': 101}"
Q7XUR3,517,"{'L': 276, 'H': 135, 'E': 106}"
Q9BTY2,467,"{'L': 251, 'H': 134, 'E': 82}"
Q2FSD3,182,"{'L': 72, 'H': 52, 'E': 58}"
F4BT36,189,"{'L': 65, 'H': 59, 'E': 65}"
D3S8C7,196,"{'L': 71, 'H': 60, 'E': 65}"
E3GW42,189,"{'L': 69, 'H': 56, 'E': 64}"
A0B870,190,"{'L': 74, 'H': 54, 'E': 62}"
Q4L941,318,"{'L': 99, 'E': 61, 'H': 158}"
O52354,323,"{'L': 106, 'E': 62, 'H': 155}"
P62050,318,"{'L': 95, 'E': 63, 'H': 160}"
Q7SI97,316,"{'L': 104, 'E': 61, 'H': 151}"
Q9K5Z8,310,"{'L': 96, 'E': 61, 'H': 153}"
P21439,1286,"{'L': 373, 'H': 799, 'E': 114}"
O95477,2261,"{'L': 867, 'H': 1130, 'E': 264}"
O35600,2310,"{'L': 904, 'H': 1148, 'E': 258}"
Q8IZY2,2146,"{'L': 800, 'H': 1108, 'E': 238}"
E9Q876,2595,"{'L': 948, 'H': 1383, 'E': 264}"
Q65199,165,"{'L': 83, 'E': 67, 'H': 15}"
Q9PKA2,145,"{'L': 85, 'E': 53, 'H': 7}"
P89079,125,"{'L': 73, 'E': 52}"
B0R858,165,"{'L': 80, 'E': 72, 'H': 13}"
Q743F4,354,"{'L': 176, 'E': 78, 'H': 100}"
Q9VEG6,809,"{'L': 439, 'H': 289, 'E': 81}"
Q23490,724,"{'L': 386, 'H': 275, 'E': 63}"
Q7QH73,767,"{'L': 401, 'H': 290, 'E': 76}"
Q20616,655,"{'L': 351, 'H': 247, 'E': 57}"
Q13BB8,311,"{'L': 110, 'H': 158, 'E': 43}"
O31465,327,"{'L': 128, 'H': 158, 'E': 41}"
P77454,310,"{'L': 113, 'H': 156, 'E': 41}"
Q19013,605,"{'L': 258, 'H': 291, 'E': 56}"
Q1I8G2,306,"{'L': 107, 'H': 157, 'E': 42}"
O59952,291,"{'L': 138, 'E': 63, 'H': 90}"
I1RFN8,636,"{'L': 420, 'E': 107, 'H': 109}"
Q9QZH8,398,"{'L': 151, 'H': 189, 'E': 58}"
O14115,630,"{'L': 242, 'H': 341, 'E': 47}"
Q4PHZ2,517,"{'L': 269, 'H': 160, 'E': 88}"
Q9FJ73,343,"{'L': 79, 'H': 262, 'E': 2}"
Q3ED15,337,"{'L': 77, 'H': 258, 'E': 2}"
Q9FJ78,339,"{'L': 76, 'H': 261, 'E': 2}"
Q9FJ72,341,"{'L': 87, 'H': 252, 'E': 2}"
Q9FJ76,333,"{'L': 75, 'H': 256, 'E': 2}"
A0A0K3AUJ9,201,"{'L': 86, 'E': 53, 'H': 62}"
Q8SS85,177,"{'L': 81, 'E': 45, 'H': 51}"
Q91191,200,"{'L': 92, 'E': 47, 'H': 61}"
Q9V3P0,194,"{'L': 88, 'E': 47, 'H': 59}"
Q9ZUI0,980,"{'L': 490, 'H': 299, 'E': 191}"
P34208,496,"{'L': 236, 'E': 92, 'H': 168}"
Q9TZM3,2393,"{'L': 1206, 'H': 725, 'E': 462}"
Q9STF0,337,"{'L': 141, 'H': 151, 'E': 45}"
Q0KHV6,721,"{'L': 338, 'H': 314, 'E': 69}"
P63493,462,"{'L': 201, 'H': 196, 'E': 65}"
Q9URY4,583,"{'L': 301, 'H': 203, 'E': 79}"
Q55424,506,"{'L': 227, 'H': 213, 'E': 66}"
P9WEP6,521,"{'L': 229, 'H': 222, 'E': 70}"
Q9L543,348,"{'L': 157, 'E': 80, 'H': 111}"
P36912,335,"{'L': 183, 'H': 104, 'E': 48}"
P36911,339,"{'L': 173, 'H': 96, 'E': 70}"
B7GPC7,545,"{'L': 279, 'E': 49, 'H': 217}"
Q99Y92,995,"{'L': 499, 'H': 301, 'E': 195}"
P36913,329,"{'L': 184, 'E': 44, 'H': 101}"
A5ULG2,289,"{'L': 102, 'E': 75, 'H': 112}"
Q12XK2,287,"{'L': 100, 'E': 78, 'H': 109}"
A4FZL8,283,"{'L': 101, 'E': 79, 'H': 103}"
Q0W4U0,290,"{'L': 104, 'E': 72, 'H': 114}"
O29730,280,"{'L': 104, 'E': 75, 'H': 101}"
I3R7F2,88,"{'L': 33, 'H': 55}"
I3R7F1,516,"{'L': 191, 'H': 231, 'E': 94}"
Q06101,476,"{'L': 183, 'H': 202, 'E': 91}"
P54541,507,"{'L': 188, 'H': 226, 'E': 93}"
P53003,546,"{'L': 204, 'E': 96, 'H': 246}"
B3EU20,281,"{'L': 116, 'H': 111, 'E': 54}"
Q6MEK6,305,"{'L': 149, 'E': 54, 'H': 102}"
A7M907,491,"{'L': 205, 'H': 216, 'E': 70}"
Q3A6L1,282,"{'L': 126, 'E': 55, 'H': 101}"
Q0VPJ1,293,"{'L': 129, 'H': 110, 'E': 54}"
P43957,244,"{'L': 101, 'H': 85, 'E': 58}"
Q823P5,264,"{'L': 86, 'H': 178}"
Q57095,210,"{'L': 45, 'H': 159, 'E': 6}"
Q9ZC45,199,"{'L': 50, 'H': 149}"
Q604Z9,202,"{'L': 44, 'H': 158}"
P77580,316,"{'L': 103, 'E': 82, 'H': 131}"
C1AVG3,292,"{'L': 104, 'E': 71, 'H': 117}"
A8LAA2,324,"{'L': 114, 'E': 72, 'H': 138}"
B1MJT8,311,"{'L': 114, 'E': 66, 'H': 131}"
A1TDB8,318,"{'L': 115, 'E': 73, 'H': 130}"
P11663,169,"{'L': 51, 'H': 118}"
Q4QAU9,549,"{'L': 230, 'E': 145, 'H': 174}"
E9AE57,568,"{'L': 243, 'H': 183, 'E': 142}"
P0A1T4,70,"{'L': 21, 'H': 49}"
Q04718,514,"{'L': 202, 'H': 186, 'E': 126}"
P41606,1224,"{'L': 721, 'H': 328, 'E': 175}"
Q0SS74,70,"{'L': 40, 'H': 30}"
P04051,1460,"{'L': 642, 'E': 186, 'H': 632}"
P69242,977,"{'L': 377, 'H': 513, 'E': 87}"
A1KCL2,71,"{'L': 31, 'H': 40}"
B5YH69,222,"{'L': 73, 'E': 34, 'H': 115}"
B3QSU1,235,"{'L': 79, 'E': 35, 'H': 121}"
Q9EWW6,231,"{'L': 86, 'E': 35, 'H': 110}"
A8LSF1,212,"{'L': 71, 'E': 24, 'H': 117}"
Q1IW70,209,"{'L': 64, 'E': 39, 'H': 106}"
Q9GP32,363,"{'L': 142, 'H': 167, 'E': 54}"
P22197,358,"{'L': 136, 'H': 168, 'E': 54}"
P0A991,350,"{'L': 129, 'H': 167, 'E': 54}"
A5IW31,296,"{'L': 106, 'H': 134, 'E': 56}"
Q9SJU4,399,"{'L': 179, 'H': 166, 'E': 54}"
Q7MQ88,179,"{'L': 73, 'H': 43, 'E': 63}"
Q0K6Y1,220,"{'L': 114, 'E': 60, 'H': 46}"
Q0VTA8,204,"{'L': 70, 'H': 71, 'E': 63}"
A1T086,186,"{'L': 84, 'E': 60, 'H': 42}"
Q8ZJ20,174,"{'L': 74, 'E': 61, 'H': 39}"
Q99638,391,"{'L': 222, 'E': 107, 'H': 62}"
G5EC44,267,"{'L': 104, 'E': 121, 'H': 42}"
P14746,463,"{'L': 288, 'E': 123, 'H': 52}"
Q91XB0,314,"{'L': 172, 'E': 35, 'H': 107}"
Q9BG99,315,"{'L': 164, 'E': 37, 'H': 114}"
O74339,393,"{'L': 142, 'E': 43, 'H': 208}"
P53230,385,"{'L': 147, 'H': 207, 'E': 31}"
Q8INF2,342,"{'L': 109, 'H': 186, 'E': 47}"
Q3B7H2,338,"{'L': 100, 'H': 195, 'E': 43}"
Q550P4,427,"{'L': 152, 'H': 216, 'E': 59}"
P44569,603,"{'L': 249, 'E': 174, 'H': 180}"
P29240,577,"{'L': 290, 'E': 141, 'H': 146}"
Q91YE9,573,"{'L': 347, 'H': 173, 'E': 53}"
O83142,593,"{'L': 234, 'E': 168, 'H': 191}"
Q9I767,221,"{'L': 79, 'E': 34, 'H': 108}"
P54665,345,"{'L': 168, 'H': 130, 'E': 47}"
P97377,346,"{'L': 175, 'E': 46, 'H': 125}"
Q09437,719,"{'L': 417, 'H': 255, 'E': 47}"
P36615,306,"{'L': 144, 'H': 113, 'E': 49}"
O35831,523,"{'L': 318, 'H': 158, 'E': 47}"
Q1LTP2,566,"{'L': 264, 'H': 197, 'E': 105}"
Q8KQT8,568,"{'L': 277, 'H': 186, 'E': 105}"
Q1D9W9,562,"{'L': 250, 'H': 206, 'E': 106}"
Q9JS33,589,"{'L': 276, 'H': 210, 'E': 103}"
B5EQW2,563,"{'L': 244, 'H': 215, 'E': 104}"
O05755,79,"{'L': 31, 'E': 25, 'H': 23}"
Q58988,83,"{'L': 31, 'E': 26, 'H': 26}"
O28338,80,"{'L': 32, 'E': 22, 'H': 26}"
O26271,84,"{'L': 30, 'E': 28, 'H': 26}"
Q9X0X1,82,"{'L': 29, 'E': 27, 'H': 26}"
P20605,200,"{'L': 85, 'E': 12, 'H': 103}"
Q57877,93,"{'L': 28, 'H': 46, 'E': 19}"
A0A0B0QJN8,150,"{'L': 43, 'H': 85, 'E': 22}"
Q6G2A9,544,"{'L': 174, 'E': 43, 'H': 327}"
Q87P32,387,"{'L': 122, 'E': 19, 'H': 246}"
P56072,455,"{'L': 150, 'H': 257, 'E': 48}"
P66774,461,"{'L': 159, 'H': 259, 'E': 43}"
O34635,220,"{'L': 84, 'H': 68, 'E': 68}"
P30744,455,"{'L': 156, 'H': 248, 'E': 51}"
O86564,455,"{'L': 159, 'H': 249, 'E': 47}"
O09159,1013,"{'L': 484, 'H': 232, 'E': 297}"
Q9UT61,1077,"{'L': 454, 'H': 298, 'E': 325}"
P94078,1019,"{'L': 460, 'H': 265, 'E': 294}"
Q54YF7,1035,"{'L': 478, 'H': 267, 'E': 290}"
Q8LPJ3,1024,"{'L': 470, 'H': 259, 'E': 295}"
A4SV64,209,"{'L': 50, 'H': 159}"
A1K973,206,"{'L': 49, 'H': 157}"
C1D7C0,206,"{'L': 48, 'H': 158}"
C1DHY3,215,"{'L': 53, 'H': 162}"
Q12FJ1,209,"{'L': 47, 'H': 162}"
Q9SRQ7,538,"{'L': 295, 'E': 61, 'H': 182}"
P59026,399,"{'L': 150, 'H': 184, 'E': 65}"
P33378,289,"{'L': 134, 'E': 4, 'H': 151}"
P09598,283,"{'L': 120, 'E': 4, 'H': 159}"
P0C216,398,"{'L': 151, 'H': 185, 'E': 62}"
P42681,527,"{'L': 281, 'E': 109, 'H': 137}"
A8DZJ1,1441,"{'L': 767, 'E': 82, 'H': 592}"
Q04663,232,"{'L': 90, 'E': 45, 'H': 97}"
Q504Y2,493,"{'L': 228, 'H': 171, 'E': 94}"
Q03526,625,"{'L': 307, 'E': 156, 'H': 162}"
Q8U1L4,345,"{'L': 103, 'H': 162, 'E': 80}"
Q26061,181,"{'L': 54, 'H': 127}"
P9WMK7,216,"{'L': 150, 'H': 39, 'E': 27}"
P49944,161,"{'L': 37, 'H': 124}"
A0PYW1,241,"{'L': 104, 'E': 47, 'H': 90}"
Q8REG1,274,"{'L': 115, 'E': 44, 'H': 115}"
Q5WHY0,247,"{'L': 105, 'E': 47, 'H': 95}"
A2RDX6,249,"{'L': 118, 'E': 49, 'H': 82}"
A6LHV2,270,"{'L': 112, 'E': 47, 'H': 111}"
Q4ZWR7,146,"{'L': 54, 'E': 59, 'H': 33}"
Q0STU4,139,"{'L': 53, 'E': 54, 'H': 32}"
Q98MC5,152,"{'L': 64, 'E': 58, 'H': 30}"
A5I7X1,144,"{'L': 60, 'E': 53, 'H': 31}"
B0U238,160,"{'L': 69, 'E': 57, 'H': 34}"
Q9RXT9,286,"{'L': 145, 'E': 46, 'H': 95}"
P91247,277,"{'L': 135, 'E': 40, 'H': 102}"
Q10215,142,"{'L': 71, 'E': 19, 'H': 52}"
P71121,301,"{'L': 165, 'H': 92, 'E': 44}"
Q08742,149,"{'L': 82, 'E': 19, 'H': 48}"
P26405,477,"{'L': 190, 'E': 110, 'H': 177}"
Q06951,463,"{'L': 163, 'E': 107, 'H': 193}"
P37755,456,"{'L': 170, 'E': 104, 'H': 182}"
P47299,550,"{'L': 202, 'H': 231, 'E': 117}"
P47723,544,"{'L': 209, 'H': 217, 'E': 118}"
Q0W5A6,359,"{'L': 156, 'E': 87, 'H': 116}"
D2S1F7,356,"{'L': 152, 'E': 90, 'H': 114}"
Q97UH6,368,"{'L': 156, 'E': 89, 'H': 123}"
Q9HS17,356,"{'L': 152, 'E': 93, 'H': 111}"
Q7LYI9,366,"{'L': 152, 'E': 92, 'H': 122}"
R1F493,383,"{'L': 193, 'H': 151, 'E': 39}"
P0DN21,351,"{'L': 158, 'H': 151, 'E': 42}"
P0DN22,301,"{'L': 147, 'H': 116, 'E': 38}"
R1ERP2,532,"{'L': 200, 'H': 246, 'E': 86}"
P0DN23,353,"{'L': 165, 'H': 147, 'E': 41}"
Q67472,214,"{'L': 105, 'E': 47, 'H': 62}"
P25265,354,"{'L': 165, 'E': 54, 'H': 135}"
P31033,312,"{'L': 140, 'E': 56, 'H': 116}"
P0AED9,472,"{'L': 209, 'H': 212, 'E': 51}"
P25283,358,"{'L': 182, 'E': 66, 'H': 110}"
Q8GXJ1,552,"{'L': 280, 'H': 210, 'E': 62}"
Q8H0W2,426,"{'L': 216, 'E': 50, 'H': 160}"
Q8RX28,660,"{'L': 327, 'E': 105, 'H': 228}"
Q94EJ2,377,"{'L': 166, 'E': 64, 'H': 147}"
Q5A960,833,"{'L': 466, 'E': 102, 'H': 265}"
Q5JJ82,384,"{'L': 152, 'H': 165, 'E': 67}"
E9FCP7,501,"{'L': 195, 'H': 240, 'E': 66}"
O28275,367,"{'L': 146, 'H': 157, 'E': 64}"
Q3IT46,350,"{'L': 151, 'H': 140, 'E': 59}"
B0R349,355,"{'L': 160, 'E': 59, 'H': 136}"
C7FF04,576,"{'L': 285, 'E': 91, 'H': 200}"
P33180,494,"{'L': 238, 'H': 183, 'E': 73}"
P55022,276,"{'L': 150, 'E': 18, 'H': 108}"
Q92396,574,"{'L': 300, 'E': 55, 'H': 219}"
C7FF05,611,"{'L': 322, 'E': 103, 'H': 186}"
O34349,203,"{'L': 42, 'H': 161}"
A0A2K3DU55,269,"{'L': 132, 'H': 109, 'E': 28}"
P38812,185,"{'L': 72, 'H': 91, 'E': 22}"
Q9LXR9,348,"{'L': 204, 'H': 116, 'E': 28}"
P0AD42,211,"{'L': 62, 'E': 46, 'H': 103}"
Q6NL24,265,"{'L': 89, 'E': 44, 'H': 132}"
Q1ZXF1,277,"{'L': 96, 'E': 48, 'H': 133}"
P76082,255,"{'L': 82, 'E': 44, 'H': 129}"
G4V4T7,265,"{'L': 97, 'E': 45, 'H': 123}"
Q52995,257,"{'L': 84, 'E': 46, 'H': 127}"
P26281,159,"{'L': 70, 'E': 41, 'H': 48}"
P71512,158,"{'L': 69, 'E': 43, 'H': 46}"
O66550,160,"{'L': 72, 'E': 44, 'H': 44}"
Q9HV71,162,"{'L': 73, 'E': 44, 'H': 45}"
P64144,188,"{'L': 79, 'E': 56, 'H': 53}"
Q93YN0,187,"{'L': 145, 'H': 20, 'E': 22}"
Q8GSJ6,154,"{'L': 96, 'H': 38, 'E': 20}"
A1A6M1,387,"{'L': 234, 'H': 135, 'E': 18}"
Q6UXH1,353,"{'L': 191, 'H': 78, 'E': 84}"
Q19267,356,"{'L': 147, 'H': 151, 'E': 58}"
B2THT3,258,"{'L': 92, 'H': 123, 'E': 43}"
Q5WEL9,276,"{'L': 100, 'E': 48, 'H': 128}"
P57887,269,"{'L': 100, 'E': 47, 'H': 122}"
P59574,263,"{'L': 90, 'E': 52, 'H': 121}"
Q888B8,275,"{'L': 101, 'E': 44, 'H': 130}"
Q2FUB7,280,"{'L': 120, 'E': 45, 'H': 115}"
O07641,327,"{'L': 161, 'E': 43, 'H': 123}"
O26739,265,"{'L': 118, 'E': 42, 'H': 105}"
C6BX34,275,"{'L': 111, 'E': 44, 'H': 120}"
P08625,292,"{'L': 114, 'E': 43, 'H': 135}"
Q0RDN6,94,"{'L': 34, 'E': 37, 'H': 23}"
Q985C8,94,"{'L': 33, 'E': 37, 'H': 24}"
A1S579,91,"{'L': 32, 'E': 34, 'H': 25}"
Q6L2I0,81,"{'L': 27, 'E': 28, 'H': 26}"
Q89JL8,99,"{'L': 37, 'E': 34, 'H': 28}"
P23665,453,"{'L': 227, 'H': 196, 'E': 30}"
P23659,986,"{'L': 468, 'H': 253, 'E': 265}"
P22699,705,"{'L': 395, 'H': 215, 'E': 95}"
Q5BEI9,434,"{'L': 305, 'E': 76, 'H': 53}"
A0A4P8PKE4,232,"{'L': 159, 'E': 70, 'H': 3}"
P97687,511,"{'L': 181, 'H': 235, 'E': 95}"
P40009,630,"{'L': 291, 'E': 106, 'H': 233}"
O75355,529,"{'L': 185, 'H': 236, 'E': 108}"
Q8K0L2,497,"{'L': 168, 'H': 215, 'E': 114}"
Q9USP2,572,"{'L': 236, 'E': 107, 'H': 229}"
P39010,764,"{'L': 362, 'H': 369, 'E': 33}"
Q6FJ70,763,"{'L': 376, 'H': 355, 'E': 32}"
Q875M2,752,"{'L': 334, 'H': 384, 'E': 34}"
Q5AL27,813,"{'L': 408, 'H': 374, 'E': 31}"
Q6FMP5,352,"{'L': 131, 'H': 179, 'E': 42}"
Q3UMC0,893,"{'L': 438, 'E': 141, 'H': 314}"
Q0VA52,593,"{'L': 247, 'E': 105, 'H': 241}"
A7YSY2,767,"{'L': 323, 'E': 131, 'H': 313}"
Q21222,724,"{'L': 303, 'E': 136, 'H': 285}"
P32794,780,"{'L': 346, 'E': 131, 'H': 303}"
Q6PFJ7,791,"{'L': 323, 'H': 446, 'E': 22}"
Q9NXE4,866,"{'L': 385, 'H': 455, 'E': 26}"
Q9UAY4,589,"{'L': 286, 'H': 221, 'E': 82}"
Q6UWV6,458,"{'L': 258, 'E': 80, 'H': 120}"
Q10916,564,"{'L': 263, 'H': 224, 'E': 77}"
P0A935,365,"{'L': 177, 'E': 96, 'H': 92}"
Q89AM2,212,"{'L': 47, 'H': 160, 'E': 5}"
P41052,361,"{'L': 174, 'H': 158, 'E': 29}"
Q8K9A7,366,"{'L': 160, 'H': 115, 'E': 91}"
Q9C168,736,"{'L': 364, 'H': 250, 'E': 122}"
Q9I1W8,709,"{'L': 362, 'H': 237, 'E': 110}"
Q59337,536,"{'L': 297, 'E': 85, 'H': 154}"
Q9XZD5,502,"{'L': 262, 'E': 81, 'H': 159}"
Q9C169,719,"{'L': 386, 'H': 227, 'E': 106}"
B4RCU4,238,"{'L': 74, 'H': 143, 'E': 21}"
B2U981,256,"{'L': 73, 'H': 159, 'E': 24}"
P56118,239,"{'L': 67, 'E': 26, 'H': 146}"
Q1D5X9,260,"{'L': 76, 'H': 159, 'E': 25}"
A3PGF8,229,"{'L': 64, 'H': 141, 'E': 24}"
P43869,271,"{'L': 81, 'E': 37, 'H': 153}"
P0A9L8,269,"{'L': 72, 'E': 36, 'H': 161}"
P54893,261,"{'L': 72, 'E': 35, 'H': 154}"
Q9CPE8,275,"{'L': 82, 'E': 38, 'H': 155}"
Q12740,320,"{'L': 113, 'E': 46, 'H': 161}"
Q7NF35,329,"{'L': 100, 'E': 102, 'H': 127}"
Q2G5S1,325,"{'L': 110, 'E': 86, 'H': 129}"
Q1AW87,315,"{'L': 110, 'E': 81, 'H': 124}"
Q67PG0,330,"{'L': 121, 'E': 80, 'H': 129}"
Q15TZ6,319,"{'L': 102, 'E': 83, 'H': 134}"
C5DZU3,837,"{'L': 270, 'E': 73, 'H': 494}"
A5DL79,875,"{'L': 290, 'H': 521, 'E': 64}"
A8PRN6,970,"{'L': 359, 'H': 534, 'E': 77}"
Q0U2R3,932,"{'L': 365, 'E': 71, 'H': 496}"
A5DS78,883,"{'L': 291, 'H': 532, 'E': 60}"
P87242,198,"{'L': 56, 'H': 140, 'E': 2}"
Q8DG35,179,"{'L': 37, 'H': 142}"
Q8EEA3,195,"{'L': 52, 'H': 141, 'E': 2}"
Q9CMR5,195,"{'L': 50, 'H': 143, 'E': 2}"
Q1LUI2,200,"{'L': 59, 'H': 139, 'E': 2}"
Q5U3W0,309,"{'L': 135, 'H': 106, 'E': 68}"
Q6C195,193,"{'L': 62, 'E': 39, 'H': 92}"
Q28FE0,311,"{'L': 134, 'H': 110, 'E': 67}"
Q93YS2,528,"{'L': 195, 'H': 236, 'E': 97}"
P36982,406,"{'L': 151, 'E': 95, 'H': 160}"
Q6BRU4,304,"{'L': 116, 'H': 98, 'E': 90}"
Q2G469,223,"{'L': 73, 'E': 66, 'H': 84}"
A0KWB6,299,"{'L': 115, 'E': 90, 'H': 94}"
Q75AK8,297,"{'L': 105, 'H': 103, 'E': 89}"
Q9RH04,222,"{'L': 80, 'E': 66, 'H': 76}"
Q8EBF9,523,"{'L': 204, 'H': 254, 'E': 65}"
Q0VSY7,525,"{'L': 192, 'H': 264, 'E': 69}"
C1DJH1,530,"{'L': 189, 'H': 275, 'E': 66}"
Q72RD4,520,"{'L': 198, 'H': 259, 'E': 63}"
B8D7U0,518,"{'L': 200, 'H': 256, 'E': 62}"
Q5WCF2,107,"{'L': 48, 'E': 34, 'H': 25}"
Q6HCY5,107,"{'L': 48, 'E': 36, 'H': 23}"
A0A0H2XEA6,165,"{'L': 50, 'H': 115}"
P38049,166,"{'L': 59, 'E': 62, 'H': 45}"
A0AFT8,121,"{'L': 48, 'E': 36, 'H': 37}"
B6YRK7,323,"{'L': 141, 'E': 73, 'H': 109}"
B2AHE3,302,"{'L': 129, 'E': 75, 'H': 98}"
A4XB58,277,"{'L': 117, 'E': 70, 'H': 90}"
Q11TT6,310,"{'L': 136, 'E': 74, 'H': 100}"
A6GYJ4,316,"{'L': 142, 'E': 72, 'H': 102}"
Q9A1K3,255,"{'L': 97, 'H': 127, 'E': 31}"
Q9WZJ0,192,"{'L': 65, 'E': 17, 'H': 110}"
P44068,245,"{'L': 122, 'H': 101, 'E': 22}"
O24926,368,"{'L': 147, 'E': 78, 'H': 143}"
Q3Z8V0,182,"{'L': 62, 'E': 20, 'H': 100}"
Q9REF4,155,"{'L': 46, 'E': 31, 'H': 78}"
Q885J3,170,"{'L': 48, 'E': 28, 'H': 94}"
Q494E6,158,"{'L': 46, 'E': 32, 'H': 80}"
Q2W4S6,150,"{'L': 38, 'E': 31, 'H': 81}"
Q983B0,164,"{'L': 53, 'H': 80, 'E': 31}"
P26239,350,"{'L': 134, 'H': 164, 'E': 52}"
Q9SJE1,760,"{'L': 376, 'H': 274, 'E': 110}"
O22436,426,"{'L': 186, 'H': 188, 'E': 52}"
O07345,677,"{'L': 296, 'H': 272, 'E': 109}"
Q93SW0,620,"{'L': 252, 'H': 273, 'E': 95}"
O33836,318,"{'L': 151, 'E': 69, 'H': 98}"
P13212,354,"{'L': 186, 'E': 75, 'H': 93}"
P07902,379,"{'L': 193, 'H': 119, 'E': 67}"
P09580,370,"{'L': 179, 'E': 69, 'H': 122}"
Q9VMA2,350,"{'L': 187, 'E': 65, 'H': 98}"
Q96361,182,"{'L': 75, 'E': 45, 'H': 62}"
P26990,175,"{'L': 67, 'H': 65, 'E': 43}"
Q94231,179,"{'L': 75, 'E': 46, 'H': 58}"
Q2KI07,186,"{'L': 67, 'H': 76, 'E': 43}"
Q9H628,205,"{'L': 69, 'E': 42, 'H': 94}"
Q6ZEM6,144,"{'L': 69, 'E': 25, 'H': 50}"
P08692,141,"{'L': 67, 'E': 23, 'H': 51}"
P0CF87,104,"{'L': 53, 'E': 13, 'H': 38}"
P63621,117,"{'L': 48, 'E': 20, 'H': 49}"
P44589,116,"{'L': 42, 'E': 19, 'H': 55}"
Q336M7,583,"{'L': 290, 'E': 124, 'H': 169}"
Q7F1X5,542,"{'L': 248, 'E': 121, 'H': 173}"
A0A2H5AIY4,569,"{'L': 267, 'E': 131, 'H': 171}"
Q8RU95,598,"{'L': 279, 'E': 134, 'H': 185}"
Q10S72,552,"{'L': 253, 'E': 143, 'H': 156}"
O26663,293,"{'L': 132, 'E': 61, 'H': 100}"
P53598,329,"{'L': 141, 'H': 125, 'E': 63}"
O28098,287,"{'L': 124, 'E': 61, 'H': 102}"
Q58643,294,"{'L': 128, 'E': 63, 'H': 103}"
O67547,305,"{'L': 120, 'E': 66, 'H': 119}"
A1CND4,792,"{'L': 428, 'H': 221, 'E': 143}"
Q2TYT2,797,"{'L': 396, 'H': 258, 'E': 143}"
P45704,618,"{'L': 303, 'E': 135, 'H': 180}"
Q9ZFM2,504,"{'L': 204, 'E': 138, 'H': 162}"
A1CCL9,771,"{'L': 390, 'H': 233, 'E': 148}"
P07955,434,"{'L': 161, 'E': 35, 'H': 238}"
P11559,555,"{'L': 211, 'H': 313, 'E': 31}"
Q58252,447,"{'L': 174, 'E': 35, 'H': 238}"
P11560,443,"{'L': 173, 'E': 33, 'H': 237}"
P12971,555,"{'L': 225, 'H': 300, 'E': 30}"
B3EEJ7,290,"{'L': 115, 'E': 45, 'H': 130}"
Q30YP7,294,"{'L': 123, 'E': 43, 'H': 128}"
A9BJ15,287,"{'L': 118, 'E': 43, 'H': 126}"
P30770,252,"{'L': 105, 'E': 41, 'H': 106}"
A1VEI5,282,"{'L': 111, 'E': 43, 'H': 128}"
Q0T1X7,410,"{'L': 175, 'E': 120, 'H': 115}"
Q7N4V5,394,"{'L': 173, 'E': 123, 'H': 98}"
P37337,408,"{'L': 178, 'E': 118, 'H': 112}"
X5CY81,410,"{'L': 175, 'E': 124, 'H': 111}"
Q51973,402,"{'L': 174, 'E': 120, 'H': 108}"
A4QDU2,160,"{'L': 58, 'E': 31, 'H': 71}"
C0ZXQ0,164,"{'L': 57, 'E': 31, 'H': 76}"
A5FSN4,159,"{'L': 59, 'E': 31, 'H': 69}"
A9WH99,161,"{'L': 61, 'E': 31, 'H': 69}"
B0CAI3,176,"{'L': 74, 'E': 31, 'H': 71}"
B0JMT8,401,"{'L': 150, 'E': 85, 'H': 166}"
B8HVB6,408,"{'L': 162, 'E': 82, 'H': 164}"
B2S0W8,408,"{'L': 154, 'E': 78, 'H': 176}"
O05278,410,"{'L': 147, 'E': 84, 'H': 179}"
Q1J2C9,395,"{'L': 142, 'E': 81, 'H': 172}"
Q15R61,444,"{'L': 127, 'H': 231, 'E': 86}"
B9L5W5,445,"{'L': 136, 'H': 225, 'E': 84}"
B5FAX9,449,"{'L': 134, 'H': 231, 'E': 84}"
A8F8T5,389,"{'L': 114, 'H': 190, 'E': 85}"
Q9FDL4,544,"{'L': 180, 'H': 279, 'E': 85}"
P23904,237,"{'L': 112, 'E': 109, 'H': 16}"
P45798,286,"{'L': 167, 'E': 113, 'H': 6}"
P37073,259,"{'L': 143, 'E': 109, 'H': 7}"
O14412,245,"{'L': 119, 'E': 113, 'H': 13}"
P17989,349,"{'L': 210, 'E': 120, 'H': 19}"
P14892,251,"{'L': 97, 'E': 49, 'H': 105}"
O05213,441,"{'L': 227, 'E': 69, 'H': 145}"
P82974,187,"{'L': 100, 'E': 39, 'H': 48}"
Q2YVT4,335,"{'L': 218, 'E': 48, 'H': 69}"
P44624,184,"{'L': 101, 'E': 39, 'H': 44}"
A0Q1A0,233,"{'L': 90, 'E': 62, 'H': 81}"
B6ER81,236,"{'L': 91, 'E': 64, 'H': 81}"
B9LS20,241,"{'L': 94, 'E': 68, 'H': 79}"
Q8K937,236,"{'L': 89, 'E': 63, 'H': 84}"
C4L2Y4,237,"{'L': 86, 'E': 62, 'H': 89}"
P27354,394,"{'L': 149, 'H': 243, 'E': 2}"
P18798,389,"{'L': 135, 'H': 252, 'E': 2}"
Q53563,340,"{'L': 151, 'E': 101, 'H': 88}"
P22868,348,"{'L': 153, 'E': 117, 'H': 78}"
P22869,527,"{'L': 182, 'H': 323, 'E': 22}"
P39104,1066,"{'L': 517, 'H': 502, 'E': 47}"
E9Q3L2,2105,"{'L': 739, 'H': 1297, 'E': 69}"
Q49GP3,835,"{'L': 462, 'H': 330, 'E': 43}"
Q8SQY7,1412,"{'L': 470, 'E': 56, 'H': 886}"
Q9UW20,977,"{'L': 491, 'H': 440, 'E': 46}"
O32864,225,"{'L': 56, 'H': 158, 'E': 11}"
P80653,250,"{'L': 67, 'H': 172, 'E': 11}"
Q58261,241,"{'L': 112, 'E': 25, 'H': 104}"
Q6LWZ3,235,"{'L': 64, 'H': 161, 'E': 10}"
P80651,304,"{'L': 79, 'H': 219, 'E': 6}"
Q9KJX5,546,"{'L': 264, 'E': 90, 'H': 192}"
K4LAH1,392,"{'L': 201, 'E': 66, 'H': 125}"
A1YYW7,559,"{'L': 280, 'E': 89, 'H': 190}"
P35482,368,"{'L': 179, 'E': 63, 'H': 126}"
Q05205,539,"{'L': 298, 'E': 176, 'H': 65}"
Q97K22,201,"{'L': 51, 'E': 28, 'H': 122}"
Q7VM70,205,"{'L': 57, 'E': 28, 'H': 120}"
Q4JW20,194,"{'L': 59, 'E': 28, 'H': 107}"
Q8D308,208,"{'L': 65, 'E': 25, 'H': 118}"
Q65G95,201,"{'L': 57, 'E': 28, 'H': 116}"
P19595,477,"{'L': 181, 'H': 166, 'E': 130}"
P38709,493,"{'L': 199, 'H': 162, 'E': 132}"
Q59KI0,500,"{'L': 187, 'H': 178, 'E': 135}"
Q16851,508,"{'L': 191, 'H': 185, 'E': 132}"
P08800,511,"{'L': 218, 'H': 161, 'E': 132}"
Q19821,356,"{'L': 109, 'H': 235, 'E': 12}"
P44783,192,"{'L': 44, 'H': 148}"
P53259,346,"{'L': 135, 'H': 205, 'E': 6}"
Q9H300,379,"{'L': 156, 'H': 213, 'E': 10}"
Q2NQH3,282,"{'L': 73, 'E': 17, 'H': 192}"
P60809,339,"{'L': 104, 'E': 99, 'H': 136}"
O13629,363,"{'L': 152, 'H': 126, 'E': 85}"
Q9Y9E6,264,"{'L': 101, 'E': 63, 'H': 100}"
Q9HKT1,262,"{'L': 100, 'E': 63, 'H': 99}"
P75394,339,"{'L': 126, 'E': 90, 'H': 123}"
Q9ZBM2,300,"{'L': 93, 'H': 201, 'E': 6}"
Q58609,201,"{'L': 40, 'H': 157, 'E': 4}"
F4HXY7,425,"{'L': 130, 'H': 295}"
O94584,240,"{'L': 67, 'H': 163, 'E': 10}"
P39823,177,"{'L': 32, 'H': 141, 'E': 4}"
P34763,529,"{'L': 271, 'H': 149, 'E': 109}"
Q6C7G2,443,"{'L': 199, 'H': 132, 'E': 112}"
Q553B6,413,"{'L': 177, 'H': 129, 'E': 107}"
Q8ILW6,410,"{'L': 170, 'H': 131, 'E': 109}"
Q75EK2,452,"{'L': 207, 'H': 134, 'E': 111}"
C5BU64,205,"{'L': 69, 'E': 27, 'H': 109}"
Q5WLY2,213,"{'L': 72, 'E': 28, 'H': 113}"
Q9Z8R5,206,"{'L': 72, 'E': 27, 'H': 107}"
A5EXE3,203,"{'L': 72, 'E': 27, 'H': 104}"
O84191,203,"{'L': 72, 'E': 27, 'H': 104}"
Q60341,287,"{'L': 112, 'E': 64, 'H': 111}"
Q00393,243,"{'L': 103, 'E': 53, 'H': 87}"
P19499,281,"{'L': 113, 'E': 64, 'H': 104}"
P80490,291,"{'L': 110, 'E': 73, 'H': 108}"
P80491,259,"{'L': 112, 'E': 40, 'H': 107}"
Q50973,350,"{'L': 118, 'H': 198, 'E': 34}"
O35025,313,"{'L': 143, 'H': 96, 'E': 74}"
P11405,262,"{'L': 101, 'H': 109, 'E': 52}"
P50183,243,"{'L': 95, 'E': 60, 'H': 88}"
P50191,379,"{'L': 146, 'H': 202, 'E': 31}"
B8MXP5,602,"{'L': 332, 'H': 128, 'E': 142}"
Q8GXT2,590,"{'L': 250, 'H': 262, 'E': 78}"
Q7EXZ4,500,"{'L': 196, 'H': 223, 'E': 81}"
B3H5Q1,521,"{'L': 214, 'H': 229, 'E': 78}"
O64882,517,"{'L': 194, 'H': 239, 'E': 84}"
O32231,779,"{'L': 345, 'H': 241, 'E': 193}"
Q9CH00,817,"{'L': 372, 'H': 245, 'E': 200}"
Q9WZI1,710,"{'L': 273, 'H': 235, 'E': 202}"
A5UFG3,659,"{'L': 252, 'H': 210, 'E': 197}"
A1SWZ6,656,"{'L': 256, 'H': 204, 'E': 196}"
P00860,461,"{'L': 206, 'E': 102, 'H': 153}"
P08432,466,"{'L': 235, 'H': 143, 'E': 88}"
Q8S3N2,435,"{'L': 196, 'H': 146, 'E': 93}"
P27116,707,"{'L': 383, 'H': 225, 'E': 99}"
P27121,484,"{'L': 226, 'H': 170, 'E': 88}"
Q1IY56,213,"{'L': 118, 'E': 61, 'H': 34}"
A9IU29,209,"{'L': 118, 'E': 58, 'H': 33}"
Q0APM5,209,"{'L': 119, 'E': 60, 'H': 30}"
Q1GTB8,209,"{'L': 121, 'E': 58, 'H': 30}"
Q2S2F5,212,"{'L': 122, 'E': 56, 'H': 34}"
Q08930,360,"{'L': 148, 'E': 58, 'H': 154}"
Q5M8L0,294,"{'L': 101, 'H': 165, 'E': 28}"
Q6GQQ9,843,"{'L': 544, 'H': 240, 'E': 59}"
Q8GWE1,234,"{'L': 105, 'E': 41, 'H': 88}"
A8XDJ2,288,"{'L': 109, 'H': 148, 'E': 31}"
C0ZZ46,189,"{'L': 47, 'E': 34, 'H': 108}"
Q0VRJ9,172,"{'L': 43, 'E': 39, 'H': 90}"
Q11T17,200,"{'L': 76, 'E': 37, 'H': 87}"
B5YFL3,158,"{'L': 47, 'E': 35, 'H': 76}"
Q5FQC6,168,"{'L': 41, 'E': 39, 'H': 88}"
O30444,252,"{'L': 106, 'E': 50, 'H': 96}"
Q67LD9,261,"{'L': 108, 'E': 53, 'H': 100}"
Q8FQQ3,255,"{'L': 105, 'E': 53, 'H': 97}"
A1KRR2,245,"{'L': 96, 'E': 51, 'H': 98}"
Q53WG6,250,"{'L': 106, 'E': 49, 'H': 95}"
Q9XBL1,381,"{'L': 143, 'E': 79, 'H': 159}"
P57098,371,"{'L': 157, 'E': 77, 'H': 137}"
P42100,382,"{'L': 149, 'E': 74, 'H': 159}"
Q9VQC4,487,"{'L': 181, 'H': 216, 'E': 90}"
P77364,381,"{'L': 139, 'E': 76, 'H': 166}"
Q54TC9,268,"{'L': 57, 'H': 211}"
P49191,320,"{'L': 99, 'H': 221}"
Q1HRV8,358,"{'L': 130, 'H': 228}"
Q54CJ4,271,"{'L': 63, 'H': 208}"
Q555E8,251,"{'L': 65, 'H': 182, 'E': 4}"
E9DFH0,595,"{'L': 311, 'E': 94, 'H': 190}"
B2UQG6,549,"{'L': 274, 'E': 96, 'H': 179}"
Q8WSF3,660,"{'L': 320, 'H': 223, 'E': 117}"
B2UP57,493,"{'L': 234, 'E': 79, 'H': 180}"
Q04786,847,"{'L': 431, 'H': 230, 'E': 186}"
Q12036,173,"{'L': 52, 'E': 38, 'H': 83}"
O33336,227,"{'L': 94, 'H': 71, 'E': 62}"
B1AJ32,115,"{'L': 31, 'E': 39, 'H': 45}"
Q9ZB79,114,"{'L': 31, 'E': 36, 'H': 47}"
A1YCA5,222,"{'L': 84, 'H': 70, 'E': 68}"
Q0DXS3,740,"{'L': 299, 'E': 116, 'H': 325}"
P25736,235,"{'L': 102, 'H': 102, 'E': 31}"
Q9I733,386,"{'L': 203, 'E': 86, 'H': 97}"
P57487,250,"{'L': 124, 'H': 96, 'E': 30}"
Q89AD7,245,"{'L': 105, 'H': 112, 'E': 28}"
P26295,327,"{'L': 199, 'E': 78, 'H': 50}"
Q0J8G4,336,"{'L': 126, 'E': 73, 'H': 137}"
P26420,307,"{'L': 109, 'E': 71, 'H': 127}"
Q9LNE4,345,"{'L': 118, 'E': 77, 'H': 150}"
P40713,307,"{'L': 103, 'E': 75, 'H': 129}"
P22824,307,"{'L': 115, 'E': 73, 'H': 119}"
P27696,559,"{'L': 211, 'E': 103, 'H': 245}"
Q7U5G1,617,"{'L': 270, 'E': 112, 'H': 235}"
Q89AP7,576,"{'L': 227, 'E': 104, 'H': 245}"
P08142,562,"{'L': 232, 'E': 105, 'H': 225}"
P42463,626,"{'L': 259, 'H': 262, 'E': 105}"
Q82DR2,408,"{'L': 159, 'H': 189, 'E': 60}"
O58489,391,"{'L': 150, 'H': 188, 'E': 53}"
Q9X0Y2,377,"{'L': 144, 'H': 175, 'E': 58}"
P14909,402,"{'L': 145, 'H': 193, 'E': 64}"
O69689,435,"{'L': 182, 'H': 196, 'E': 57}"
P85101,234,"{'L': 86, 'E': 42, 'H': 106}"
P22244,281,"{'L': 125, 'E': 44, 'H': 112}"
Q5F0I3,300,"{'L': 142, 'E': 58, 'H': 100}"
P84786,257,"{'L': 104, 'E': 55, 'H': 98}"
P10297,313,"{'L': 126, 'E': 60, 'H': 127}"
O94727,564,"{'L': 165, 'H': 310, 'E': 89}"
P32791,686,"{'L': 221, 'H': 375, 'E': 90}"
Q08908,694,"{'L': 219, 'H': 382, 'E': 93}"
Q12473,712,"{'L': 220, 'H': 401, 'E': 91}"
Q5A446,760,"{'L': 272, 'H': 397, 'E': 91}"
P00365,1050,"{'L': 406, 'E': 154, 'H': 490}"
P27346,421,"{'L': 139, 'H': 204, 'E': 78}"
E1V4J5,1613,"{'L': 517, 'H': 846, 'E': 250}"
P50735,427,"{'L': 153, 'H': 204, 'E': 70}"
P33327,1092,"{'L': 416, 'H': 522, 'E': 154}"
O28949,183,"{'L': 72, 'E': 61, 'H': 50}"
Q2FL30,188,"{'L': 76, 'E': 60, 'H': 52}"
A8AC69,188,"{'L': 83, 'E': 62, 'H': 43}"
O26805,186,"{'L': 78, 'E': 60, 'H': 48}"
Q5V1K0,189,"{'L': 77, 'E': 61, 'H': 51}"
Q8BMZ5,316,"{'L': 153, 'E': 53, 'H': 110}"
B6YXU4,171,"{'L': 64, 'E': 53, 'H': 54}"
Q3IU70,336,"{'L': 135, 'E': 97, 'H': 104}"
B0R7C0,343,"{'L': 138, 'E': 105, 'H': 100}"
Q12X51,351,"{'L': 128, 'E': 109, 'H': 114}"
Q4L750,373,"{'L': 145, 'E': 64, 'H': 164}"
Q6LX40,373,"{'L': 137, 'E': 69, 'H': 167}"
P63478,372,"{'L': 144, 'E': 72, 'H': 156}"
P17556,372,"{'L': 152, 'E': 63, 'H': 157}"
Q9AIK2,377,"{'L': 138, 'E': 73, 'H': 166}"
Q5YP02,329,"{'L': 176, 'H': 31, 'E': 122}"
Q54VL5,369,"{'L': 207, 'H': 40, 'E': 122}"
P18407,354,"{'L': 196, 'E': 128, 'H': 30}"
Q92VC1,340,"{'L': 187, 'H': 31, 'E': 122}"
Q6LPX9,330,"{'L': 181, 'E': 119, 'H': 30}"
Q9KM72,580,"{'L': 152, 'E': 64, 'H': 364}"
P69816,106,"{'L': 32, 'E': 27, 'H': 47}"
P44714,556,"{'L': 144, 'E': 51, 'H': 361}"
P69808,108,"{'L': 32, 'E': 27, 'H': 49}"
P75039,694,"{'L': 212, 'H': 412, 'E': 70}"
B0RZ30,243,"{'L': 97, 'H': 110, 'E': 36}"
A6Q826,230,"{'L': 83, 'E': 37, 'H': 110}"
Q043A6,235,"{'L': 81, 'E': 40, 'H': 114}"
Q1QA56,232,"{'L': 91, 'E': 37, 'H': 104}"
Q1WTX2,237,"{'L': 95, 'E': 35, 'H': 107}"
P30126,201,"{'L': 84, 'E': 40, 'H': 77}"
A8Z5R9,195,"{'L': 76, 'E': 38, 'H': 81}"
Q9ZEZ5,207,"{'L': 91, 'E': 41, 'H': 75}"
Q3IJS5,199,"{'L': 78, 'E': 38, 'H': 83}"
B5ENJ2,207,"{'L': 79, 'E': 45, 'H': 83}"
P53961,229,"{'L': 81, 'E': 74, 'H': 74}"
Q04082,140,"{'L': 54, 'H': 84, 'E': 2}"
O64792,137,"{'L': 60, 'H': 77}"
Q756D4,153,"{'L': 61, 'H': 92}"
P32363,452,"{'L': 158, 'E': 72, 'H': 222}"
Q057N9,254,"{'L': 98, 'E': 41, 'H': 115}"
Q1LTT4,256,"{'L': 92, 'E': 38, 'H': 126}"
Q8D2T0,256,"{'L': 95, 'E': 40, 'H': 121}"
A2C2B2,246,"{'L': 101, 'E': 40, 'H': 105}"
Q9Z520,258,"{'L': 90, 'E': 41, 'H': 127}"
Q00598,363,"{'L': 198, 'E': 86, 'H': 79}"
Q9S9P8,382,"{'L': 212, 'E': 84, 'H': 86}"
P21890,440,"{'L': 229, 'E': 105, 'H': 106}"
Q44532,258,"{'L': 105, 'E': 86, 'H': 67}"
Q93RE3,386,"{'L': 188, 'H': 92, 'E': 106}"
P20805,352,"{'L': 166, 'E': 85, 'H': 101}"
Q09179,359,"{'L': 165, 'H': 108, 'E': 86}"
Q6FMT6,372,"{'L': 173, 'H': 111, 'E': 88}"
Q42688,382,"{'L': 182, 'H': 109, 'E': 91}"
Q04831,361,"{'L': 168, 'H': 107, 'E': 86}"
Q46856,387,"{'L': 144, 'E': 49, 'H': 194}"
P27250,339,"{'L': 153, 'E': 86, 'H': 100}"
Q24857,384,"{'L': 143, 'E': 45, 'H': 196}"
P75691,349,"{'L': 159, 'E': 87, 'H': 103}"
P25377,361,"{'L': 163, 'E': 91, 'H': 107}"
Q941Z0,197,"{'L': 80, 'E': 39, 'H': 78}"
Q9LK88,196,"{'L': 79, 'E': 42, 'H': 75}"
P9WHH7,493,"{'L': 193, 'E': 117, 'H': 183}"
Q941Y8,203,"{'L': 85, 'E': 41, 'H': 77}"
Q8CHK7,275,"{'L': 127, 'E': 44, 'H': 104}"
Q02BT1,341,"{'L': 144, 'E': 86, 'H': 111}"
Q5SKS4,343,"{'L': 153, 'E': 82, 'H': 108}"
A7Z4X0,347,"{'L': 147, 'E': 90, 'H': 110}"
Q65JE7,346,"{'L': 144, 'E': 90, 'H': 112}"
A9KET6,342,"{'L': 144, 'E': 86, 'H': 112}"
P40134,843,"{'L': 366, 'H': 345, 'E': 132}"
Q59119,843,"{'L': 350, 'H': 362, 'E': 131}"
O69199,191,"{'L': 54, 'H': 62, 'E': 75}"
Q05766,838,"{'L': 333, 'H': 367, 'E': 138}"
J7QLC0,1706,"{'L': 885, 'H': 389, 'E': 432}"
Q8PU59,350,"{'L': 93, 'H': 247, 'E': 10}"
F1SVE0,102,"{'L': 20, 'H': 80, 'E': 2}"
Q8PU60,177,"{'L': 114, 'H': 40, 'E': 23}"
F1SVE1,131,"{'L': 42, 'E': 41, 'H': 48}"
F1SVE4,374,"{'L': 146, 'E': 48, 'H': 180}"
Q7VLN8,437,"{'L': 148, 'H': 180, 'E': 109}"
Q7N8S4,448,"{'L': 158, 'H': 179, 'E': 111}"
A6VMR4,440,"{'L': 151, 'H': 179, 'E': 110}"
Q8XZZ5,451,"{'L': 163, 'H': 179, 'E': 109}"
Q9JW21,436,"{'L': 138, 'H': 189, 'E': 109}"
B4HEM4,1205,"{'L': 581, 'H': 549, 'E': 75}"
B0G0Y8,466,"{'L': 228, 'H': 238}"
Q28263,861,"{'L': 287, 'H': 490, 'E': 84}"
P04972,87,"{'L': 70, 'H': 17}"
B4G4E5,1276,"{'L': 647, 'H': 556, 'E': 73}"
A9A215,381,"{'L': 165, 'H': 112, 'E': 104}"
B9LQ94,427,"{'L': 179, 'H': 136, 'E': 112}"
A0RUP0,402,"{'L': 190, 'H': 99, 'E': 113}"
E1QUT8,412,"{'L': 147, 'H': 157, 'E': 108}"
D9PZU4,400,"{'L': 144, 'H': 147, 'E': 109}"
D4AV38,394,"{'L': 204, 'E': 74, 'H': 116}"
Q6LTX5,419,"{'L': 178, 'H': 180, 'E': 61}"
Q8DF91,415,"{'L': 154, 'H': 199, 'E': 62}"
C6DCX9,416,"{'L': 175, 'H': 177, 'E': 64}"
L0TC47,261,"{'L': 103, 'E': 45, 'H': 113}"
A5FC71,394,"{'L': 162, 'E': 53, 'H': 179}"
Q7N9Y1,395,"{'L': 166, 'E': 51, 'H': 178}"
Q8UA46,397,"{'L': 153, 'E': 57, 'H': 187}"
Q9KEZ3,345,"{'L': 163, 'E': 53, 'H': 129}"
Q987X5,394,"{'L': 165, 'E': 53, 'H': 176}"
B4RXT2,100,"{'L': 30, 'E': 25, 'H': 45}"
A2BPX4,96,"{'L': 27, 'E': 25, 'H': 44}"
Q7VD93,96,"{'L': 32, 'E': 25, 'H': 39}"
B5ZTF5,101,"{'L': 37, 'H': 43, 'E': 21}"
A1TND7,116,"{'L': 52, 'E': 24, 'H': 40}"
E7EF85,310,"{'L': 168, 'E': 128, 'H': 14}"
O74716,216,"{'L': 98, 'E': 108, 'H': 10}"
O43097,225,"{'L': 101, 'E': 114, 'H': 10}"
Q12562,221,"{'L': 99, 'H': 15, 'E': 107}"
Q12667,625,"{'L': 304, 'H': 49, 'E': 272}"
Q839J7,307,"{'L': 107, 'E': 54, 'H': 146}"
Q9BZ23,570,"{'L': 316, 'H': 162, 'E': 92}"
A7IHN7,323,"{'L': 125, 'H': 144, 'E': 54}"
Q1D9X8,317,"{'L': 126, 'E': 54, 'H': 137}"
A2RK41,306,"{'L': 107, 'E': 54, 'H': 145}"
E3WPP8,500,"{'L': 229, 'H': 174, 'E': 97}"
Q9V0Q0,330,"{'L': 123, 'E': 107, 'H': 100}"
Q8IRE4,457,"{'L': 211, 'H': 143, 'E': 103}"
C5XX79,465,"{'L': 258, 'H': 105, 'E': 102}"
E3KWE1,510,"{'L': 245, 'H': 161, 'E': 104}"
Q2P9F7,744,"{'L': 342, 'H': 216, 'E': 186}"
Q31IB6,726,"{'L': 328, 'H': 208, 'E': 190}"
Q6CCT1,691,"{'L': 316, 'H': 225, 'E': 150}"
Q6BXN1,711,"{'L': 318, 'H': 237, 'E': 156}"
Q13S07,736,"{'L': 334, 'H': 210, 'E': 192}"
Q9S7E4,384,"{'L': 192, 'E': 60, 'H': 132}"
Q08911,376,"{'L': 167, 'E': 65, 'H': 144}"
Q60316,379,"{'L': 157, 'E': 63, 'H': 159}"
Q07103,375,"{'L': 172, 'E': 65, 'H': 138}"
O13437,364,"{'L': 161, 'E': 64, 'H': 139}"
Q5ADX5,474,"{'L': 227, 'H': 173, 'E': 74}"
Q1MTD3,400,"{'L': 190, 'H': 138, 'E': 72}"
Q4WN42,668,"{'L': 395, 'H': 201, 'E': 72}"
P0CO64,620,"{'L': 398, 'H': 152, 'E': 70}"
Q9VJQ4,427,"{'L': 186, 'H': 159, 'E': 82}"
Q5UXX4,545,"{'L': 227, 'H': 244, 'E': 74}"
P0CW66,533,"{'L': 196, 'H': 265, 'E': 72}"
O27585,544,"{'L': 200, 'H': 276, 'E': 68}"
Q16AV0,527,"{'L': 207, 'H': 260, 'E': 60}"
P57677,507,"{'L': 188, 'H': 252, 'E': 67}"
Q565D8,221,"{'L': 73, 'H': 90, 'E': 58}"
Q33DL3,244,"{'L': 87, 'E': 65, 'H': 92}"
Q9FKW3,223,"{'L': 77, 'E': 54, 'H': 92}"
P41089,223,"{'L': 82, 'H': 89, 'E': 52}"
Q53B74,226,"{'L': 86, 'E': 60, 'H': 80}"
Q00512,502,"{'L': 184, 'H': 196, 'E': 122}"
P74857,433,"{'L': 171, 'H': 160, 'E': 102}"
P31702,498,"{'L': 181, 'E': 127, 'H': 190}"
P55717,451,"{'L': 179, 'H': 169, 'E': 103}"
Q7VSX3,339,"{'L': 150, 'H': 115, 'E': 74}"
Q9CA86,333,"{'L': 122, 'H': 184, 'E': 27}"
F1QB30,620,"{'L': 215, 'H': 386, 'E': 19}"
Q01964,461,"{'L': 208, 'H': 227, 'E': 26}"
Q99155,381,"{'L': 153, 'H': 202, 'E': 26}"
Q75JQ3,423,"{'L': 196, 'H': 205, 'E': 22}"
Q4A8Q3,322,"{'L': 111, 'E': 64, 'H': 147}"
P72830,361,"{'L': 136, 'E': 74, 'H': 151}"
Q6KHX0,325,"{'L': 106, 'E': 65, 'H': 154}"
Q7VRK9,320,"{'L': 113, 'E': 64, 'H': 143}"
Q180P4,319,"{'L': 114, 'E': 61, 'H': 144}"
Q9RSA0,410,"{'L': 181, 'H': 144, 'E': 85}"
A2SR62,406,"{'L': 165, 'E': 92, 'H': 149}"
Q60326,428,"{'L': 192, 'E': 94, 'H': 142}"
Q79FW5,584,"{'L': 249, 'H': 284, 'E': 51}"
A8AC98,416,"{'L': 175, 'E': 98, 'H': 143}"
Q8BI06,1361,"{'L': 719, 'H': 113, 'E': 529}"
P26831,1628,"{'L': 742, 'E': 396, 'H': 490}"
A3KPQ7,1378,"{'L': 756, 'H': 142, 'E': 480}"
P40454,393,"{'L': 180, 'E': 13, 'H': 200}"
O74942,610,"{'L': 325, 'H': 86, 'E': 199}"
Q21MS8,430,"{'L': 144, 'E': 71, 'H': 215}"
Q9PF40,464,"{'L': 176, 'E': 76, 'H': 212}"
Q5WZN0,429,"{'L': 153, 'E': 72, 'H': 204}"
P0ABN1,122,"{'L': 20, 'H': 102}"
P29945,137,"{'L': 34, 'H': 103}"
Q9HY23,123,"{'L': 21, 'H': 102}"
P44424,118,"{'L': 15, 'H': 103}"
Q55143,175,"{'L': 71, 'H': 104}"
Q6NNF2,914,"{'L': 473, 'H': 378, 'E': 63}"
Q08499,809,"{'L': 495, 'H': 312, 'E': 2}"
P27815,886,"{'L': 533, 'E': 6, 'H': 347}"
Q22000,674,"{'L': 349, 'H': 325}"
O60658,829,"{'L': 363, 'E': 70, 'H': 396}"
Q50LE9,205,"{'L': 92, 'H': 55, 'E': 58}"
O87388,416,"{'L': 181, 'H': 132, 'E': 103}"
Q52671,414,"{'L': 169, 'H': 143, 'E': 102}"
Q46337,967,"{'L': 458, 'E': 272, 'H': 237}"
O87386,987,"{'L': 459, 'E': 277, 'H': 251}"
P35207,1287,"{'L': 585, 'H': 556, 'E': 146}"
Q7X745,734,"{'L': 334, 'H': 316, 'E': 84}"
Q61SU7,721,"{'L': 298, 'H': 340, 'E': 83}"
Q54MH3,1106,"{'L': 496, 'H': 484, 'E': 126}"
Q8XQC8,525,"{'L': 155, 'H': 300, 'E': 70}"
P60593,263,"{'L': 112, 'E': 64, 'H': 87}"
Q8G4L4,446,"{'L': 213, 'E': 69, 'H': 164}"
Q8FMF7,519,"{'L': 154, 'H': 296, 'E': 69}"
Q8EAX8,574,"{'L': 180, 'H': 324, 'E': 70}"
F4KI56,238,"{'L': 112, 'E': 39, 'H': 87}"
Q72H00,249,"{'L': 89, 'E': 30, 'H': 130}"
D3DFG8,211,"{'L': 76, 'E': 37, 'H': 98}"
P17906,199,"{'L': 81, 'E': 71, 'H': 47}"
P94512,260,"{'L': 82, 'E': 32, 'H': 146}"
P41774,551,"{'L': 157, 'H': 384, 'E': 10}"
Q05572,539,"{'L': 135, 'H': 394, 'E': 10}"
Q04452,114,"{'L': 25, 'H': 89}"
Q9B840,514,"{'L': 142, 'H': 366, 'E': 6}"
Q06475,233,"{'L': 81, 'H': 152}"
A0KEQ0,807,"{'L': 252, 'H': 453, 'E': 102}"
A1KLH6,789,"{'L': 261, 'E': 82, 'H': 446}"
P97564,828,"{'L': 329, 'H': 416, 'E': 83}"
C3K4R1,839,"{'L': 286, 'H': 445, 'E': 108}"
P71513,130,"{'L': 48, 'E': 35, 'H': 47}"
P0A3E2,119,"{'L': 40, 'E': 35, 'H': 44}"
Q9Z7E9,134,"{'L': 52, 'E': 39, 'H': 43}"
Q9X8I0,119,"{'L': 43, 'E': 35, 'H': 41}"
Q9SF23,146,"{'L': 59, 'H': 52, 'E': 35}"
O48840,545,"{'L': 319, 'E': 150, 'H': 76}"
Q12546,614,"{'L': 371, 'E': 138, 'H': 105}"
P80366,459,"{'L': 256, 'E': 129, 'H': 74}"
Q9SE00,473,"{'L': 259, 'E': 129, 'H': 85}"
A6VP72,243,"{'L': 133, 'E': 36, 'H': 74}"
Q98CI7,124,"{'L': 56, 'E': 58, 'H': 10}"
O74492,124,"{'L': 59, 'E': 58, 'H': 7}"
Q9KET9,119,"{'L': 51, 'E': 58, 'H': 10}"
Q9CRB3,118,"{'L': 63, 'E': 49, 'H': 6}"
Q8G228,118,"{'L': 50, 'E': 58, 'H': 10}"
B3QBD2,236,"{'L': 86, 'H': 145, 'E': 5}"
A1S3J2,245,"{'L': 70, 'H': 167, 'E': 8}"
Q3V7G2,248,"{'L': 89, 'H': 153, 'E': 6}"
B8GYX9,229,"{'L': 77, 'H': 146, 'E': 6}"
Q4L7I0,270,"{'L': 123, 'H': 141, 'E': 6}"
B9LTA6,328,"{'L': 120, 'H': 167, 'E': 41}"
Q6L2J1,329,"{'L': 106, 'H': 183, 'E': 40}"
Q96YV3,364,"{'L': 116, 'H': 208, 'E': 40}"
F4HWL4,748,"{'L': 269, 'H': 402, 'E': 77}"
Q8SRV7,337,"{'L': 109, 'H': 185, 'E': 43}"
Q54KI3,642,"{'L': 280, 'E': 157, 'H': 205}"
Q09644,426,"{'L': 168, 'H': 165, 'E': 93}"
A0JMU5,827,"{'L': 338, 'H': 292, 'E': 197}"
Q54S83,484,"{'L': 225, 'H': 166, 'E': 93}"
P38274,827,"{'L': 398, 'E': 186, 'H': 243}"
Q20YA7,306,"{'L': 121, 'E': 80, 'H': 105}"
Q47SX2,307,"{'L': 118, 'E': 85, 'H': 104}"
A7HR11,290,"{'L': 106, 'E': 79, 'H': 105}"
A5EEC6,301,"{'L': 114, 'E': 79, 'H': 108}"
Q3SPE5,308,"{'L': 127, 'E': 77, 'H': 104}"
Q54TU5,151,"{'L': 78, 'E': 64, 'H': 9}"
Q01137,153,"{'L': 80, 'E': 62, 'H': 11}"
P80734,131,"{'L': 38, 'H': 93}"
Q9FK60,164,"{'L': 91, 'E': 61, 'H': 12}"
Q94EG3,229,"{'L': 116, 'H': 57, 'E': 56}"
P30666,879,"{'L': 449, 'H': 278, 'E': 152}"
O94395,607,"{'L': 263, 'E': 111, 'H': 233}"
Q55681,831,"{'L': 329, 'H': 369, 'E': 133}"
Q9U7E0,1359,"{'L': 796, 'H': 484, 'E': 79}"
P06720,451,"{'L': 153, 'E': 69, 'H': 229}"
D7CFN7,635,"{'L': 288, 'E': 226, 'H': 121}"
P43469,719,"{'L': 336, 'E': 231, 'H': 152}"
P27756,720,"{'L': 330, 'E': 235, 'H': 155}"
Q8A6L0,662,"{'L': 303, 'E': 237, 'H': 122}"
P00485,216,"{'L': 88, 'E': 59, 'H': 69}"
P00487,220,"{'L': 88, 'E': 60, 'H': 72}"
P62577,219,"{'L': 88, 'E': 61, 'H': 70}"
P26825,219,"{'L': 89, 'E': 60, 'H': 70}"
P22782,207,"{'L': 85, 'E': 60, 'H': 62}"
Q98199,470,"{'L': 174, 'H': 220, 'E': 76}"
Q56XM9,507,"{'L': 223, 'H': 210, 'E': 74}"
Q29RH2,430,"{'L': 183, 'H': 188, 'E': 59}"
Q8NEK8,389,"{'L': 153, 'E': 59, 'H': 177}"
Q91FH7,111,"{'L': 32, 'H': 79}"
Q9J5C7,94,"{'L': 27, 'H': 67}"
Q9Y806,192,"{'L': 70, 'H': 122}"
P23373,95,"{'L': 24, 'H': 71}"
P49062,422,"{'L': 217, 'H': 30, 'E': 175}"
A1D415,423,"{'L': 213, 'E': 186, 'H': 24}"
P26216,410,"{'L': 212, 'E': 167, 'H': 31}"
W8P8Q3,401,"{'L': 190, 'H': 39, 'E': 172}"
A2QBB4,438,"{'L': 215, 'E': 189, 'H': 34}"
Q20144,690,"{'L': 197, 'H': 491, 'E': 2}"
Q9VF81,705,"{'L': 178, 'H': 525, 'E': 2}"
Q8N394,836,"{'L': 263, 'H': 571, 'E': 2}"
Q7K4B6,926,"{'L': 285, 'H': 639, 'E': 2}"
Q9VQE9,859,"{'L': 258, 'H': 599, 'E': 2}"
Q8UIE8,354,"{'L': 124, 'E': 32, 'H': 198}"
Q8RXE9,408,"{'L': 185, 'E': 29, 'H': 194}"
Q7VRN5,334,"{'L': 119, 'E': 24, 'H': 191}"
Q7VZ05,451,"{'L': 159, 'E': 59, 'H': 233}"
Q8CJX0,336,"{'L': 120, 'E': 26, 'H': 190}"
Q1GCR3,267,"{'L': 47, 'H': 218, 'E': 2}"
Q1LSL8,275,"{'L': 60, 'H': 213, 'E': 2}"
B9M0D1,270,"{'L': 48, 'H': 220, 'E': 2}"
Q98NJ1,264,"{'L': 53, 'H': 209, 'E': 2}"
P58741,278,"{'L': 66, 'H': 208, 'E': 4}"
P16699,513,"{'L': 272, 'H': 112, 'E': 129}"
Q6Z310,407,"{'L': 173, 'H': 177, 'E': 57}"
Q7Y223,433,"{'L': 164, 'H': 206, 'E': 63}"
A2QKT4,383,"{'L': 179, 'E': 69, 'H': 135}"
Q0C8J3,406,"{'L': 200, 'E': 68, 'H': 138}"
Q834X4,626,"{'L': 220, 'H': 334, 'E': 72}"
A2RHX9,640,"{'L': 209, 'H': 353, 'E': 78}"
Q03224,321,"{'L': 122, 'H': 112, 'E': 87}"
Q3K2F6,643,"{'L': 226, 'H': 343, 'E': 74}"
B2TNB5,663,"{'L': 222, 'H': 363, 'E': 78}"
E1V8I1,1482,"{'L': 644, 'E': 274, 'H': 564}"
Q05755,1515,"{'L': 671, 'H': 576, 'E': 268}"
P39812,1520,"{'L': 648, 'E': 280, 'H': 592}"
O29309,511,"{'L': 243, 'E': 88, 'H': 180}"
Q58746,510,"{'L': 240, 'E': 96, 'H': 174}"
P29952,429,"{'L': 178, 'E': 119, 'H': 132}"
Q8J093,426,"{'L': 175, 'E': 121, 'H': 130}"
Q870Y1,459,"{'L': 191, 'E': 122, 'H': 146}"
O43014,412,"{'L': 166, 'E': 121, 'H': 125}"
P29951,461,"{'L': 191, 'E': 123, 'H': 147}"
Q9KZV6,746,"{'L': 313, 'H': 274, 'E': 159}"
A9M159,685,"{'L': 251, 'E': 158, 'H': 276}"
A5G1J3,727,"{'L': 283, 'E': 160, 'H': 284}"
Q87A63,698,"{'L': 255, 'H': 290, 'E': 153}"
P9WHV9,742,"{'L': 306, 'E': 160, 'H': 276}"
O57932,633,"{'L': 224, 'E': 186, 'H': 223}"
A0P8X0,1290,"{'L': 690, 'E': 347, 'H': 253}"
P49067,649,"{'L': 240, 'E': 181, 'H': 228}"
P09961,686,"{'L': 232, 'E': 206, 'H': 248}"
Q59006,467,"{'L': 165, 'E': 50, 'H': 252}"
Q46829,479,"{'L': 202, 'E': 74, 'H': 203}"
Q46130,473,"{'L': 212, 'E': 72, 'H': 189}"
P24240,474,"{'L': 212, 'E': 65, 'H': 197}"
P11988,470,"{'L': 201, 'E': 68, 'H': 201}"
P42403,477,"{'L': 205, 'E': 78, 'H': 194}"
Q76NV1,836,"{'L': 474, 'H': 305, 'E': 57}"
P14680,807,"{'L': 580, 'H': 164, 'E': 63}"
Q9V3D5,722,"{'L': 491, 'E': 59, 'H': 172}"
Q9Y463,629,"{'L': 412, 'H': 158, 'E': 59}"
Q8BI55,632,"{'L': 429, 'E': 61, 'H': 142}"
B1B557,1097,"{'L': 436, 'H': 462, 'E': 199}"
O61309,1153,"{'L': 454, 'H': 505, 'E': 194}"
Q26240,1174,"{'L': 493, 'E': 217, 'H': 464}"
P29473,1205,"{'L': 534, 'E': 208, 'H': 463}"
Q27571,1349,"{'L': 611, 'H': 523, 'E': 215}"
Q54QC1,638,"{'L': 249, 'H': 268, 'E': 121}"
P74257,553,"{'L': 215, 'H': 223, 'E': 115}"
P43799,563,"{'L': 220, 'H': 225, 'E': 118}"
P32191,649,"{'L': 250, 'H': 277, 'E': 122}"
D4GYI2,586,"{'L': 248, 'E': 118, 'H': 220}"
P52956,213,"{'L': 110, 'E': 29, 'H': 74}"
Q5B2C1,213,"{'L': 106, 'H': 78, 'E': 29}"
G4MZV6,214,"{'L': 104, 'E': 29, 'H': 81}"
A0A2J8C362,295,"{'L': 167, 'E': 45, 'H': 83}"
Q5AX00,221,"{'L': 114, 'H': 78, 'E': 29}"
C5B8V8,259,"{'L': 89, 'E': 62, 'H': 108}"
B7VGZ3,244,"{'L': 99, 'E': 58, 'H': 87}"
A4TP65,240,"{'L': 86, 'E': 59, 'H': 95}"
A1S4X0,238,"{'L': 95, 'E': 58, 'H': 85}"
A1KSF3,240,"{'L': 96, 'E': 52, 'H': 92}"
O65571,337,"{'L': 134, 'H': 136, 'E': 67}"
Q9XEX4,293,"{'L': 144, 'E': 64, 'H': 85}"
A0KJH4,293,"{'L': 133, 'H': 104, 'E': 56}"
P47718,133,"{'L': 60, 'H': 39, 'E': 34}"
Q9SU86,293,"{'L': 129, 'E': 71, 'H': 93}"
A5IIH5,283,"{'L': 123, 'H': 71, 'E': 89}"
B2UVC1,267,"{'L': 128, 'H': 52, 'E': 87}"
Q5QVW0,292,"{'L': 133, 'H': 71, 'E': 88}"
C4R360,1010,"{'L': 489, 'E': 230, 'H': 291}"
B0B8S5,301,"{'L': 133, 'E': 81, 'H': 87}"
P36599,346,"{'L': 167, 'E': 85, 'H': 94}"
P22434,369,"{'L': 167, 'E': 96, 'H': 106}"
O25683,348,"{'L': 112, 'E': 59, 'H': 177}"
P32782,426,"{'L': 215, 'E': 88, 'H': 123}"
Q8YLG0,266,"{'L': 136, 'E': 70, 'H': 60}"
Q6BX78,292,"{'L': 126, 'H': 123, 'E': 43}"
A8NFF0,258,"{'L': 123, 'H': 96, 'E': 39}"
Q96WV1,273,"{'L': 114, 'H': 120, 'E': 39}"
Q2GS86,293,"{'L': 146, 'H': 106, 'E': 41}"
Q0TZT0,282,"{'L': 136, 'H': 110, 'E': 36}"
A1A9R2,191,"{'L': 87, 'H': 30, 'E': 74}"
Q89Q06,180,"{'L': 71, 'H': 36, 'E': 73}"
A4VQH9,174,"{'L': 68, 'H': 33, 'E': 73}"
B9JLT5,173,"{'L': 69, 'H': 34, 'E': 70}"
C5CN84,180,"{'L': 73, 'H': 33, 'E': 74}"
O34481,798,"{'L': 307, 'H': 339, 'E': 152}"
Q89AB2,618,"{'L': 242, 'H': 272, 'E': 104}"
Q0VGT4,1863,"{'L': 1357, 'E': 174, 'H': 332}"
P57530,602,"{'L': 238, 'H': 260, 'E': 104}"
P45158,640,"{'L': 244, 'H': 296, 'E': 100}"
Q62789,530,"{'L': 197, 'H': 274, 'E': 59}"
Q63ZR6,523,"{'L': 184, 'H': 277, 'E': 62}"
Q20086,533,"{'L': 214, 'E': 64, 'H': 255}"
P0DTE4,527,"{'L': 227, 'H': 248, 'E': 52}"
Q63886,535,"{'L': 213, 'H': 264, 'E': 58}"
A1CQC3,505,"{'L': 221, 'E': 134, 'H': 150}"
Q841V6,566,"{'L': 276, 'E': 126, 'H': 164}"
P82594,328,"{'L': 193, 'E': 125, 'H': 10}"
Q59219,514,"{'L': 240, 'E': 137, 'H': 137}"
P94552,495,"{'L': 214, 'E': 144, 'H': 137}"
Q9SKT7,582,"{'L': 230, 'H': 234, 'E': 118}"
P95200,470,"{'L': 174, 'E': 106, 'H': 190}"
P32340,513,"{'L': 235, 'E': 118, 'H': 160}"
Q2FZV7,402,"{'L': 150, 'E': 107, 'H': 145}"
F2Z699,582,"{'L': 234, 'H': 230, 'E': 118}"
P46992,396,"{'L': 226, 'E': 127, 'H': 43}"
Q9UT45,1016,"{'L': 516, 'H': 228, 'E': 272}"
Q09850,706,"{'L': 306, 'E': 169, 'H': 231}"
Q47N06,758,"{'L': 348, 'E': 206, 'H': 204}"
D4B0V1,878,"{'L': 515, 'H': 62, 'E': 301}"
B8GVX4,183,"{'L': 42, 'H': 141}"
Q7AKI6,178,"{'L': 41, 'H': 137}"
Q0RH96,185,"{'L': 48, 'H': 137}"
B4UA87,186,"{'L': 48, 'H': 138}"
B1MJX0,175,"{'L': 49, 'H': 126}"
O66076,216,"{'L': 37, 'H': 179}"
Q8D2N9,182,"{'L': 27, 'H': 155}"
Q492P7,183,"{'L': 32, 'H': 151}"
Q1RKM3,181,"{'L': 31, 'H': 150}"
P46322,193,"{'L': 41, 'H': 144, 'E': 8}"
A5N6W8,255,"{'L': 84, 'E': 58, 'H': 113}"
A4IPP2,257,"{'L': 86, 'E': 57, 'H': 114}"
O66440,219,"{'L': 68, 'E': 50, 'H': 101}"
Q2FQV3,256,"{'L': 104, 'H': 106, 'E': 46}"
Q4L4R1,241,"{'L': 87, 'E': 49, 'H': 105}"
A9BIU9,570,"{'L': 246, 'H': 172, 'E': 152}"
A6LG60,545,"{'L': 246, 'E': 145, 'H': 154}"
A6Q8K5,533,"{'L': 236, 'E': 139, 'H': 158}"
Q8Y6E5,580,"{'L': 252, 'H': 171, 'E': 157}"
A0RZ37,609,"{'L': 274, 'H': 175, 'E': 160}"
Q9K5W7,284,"{'L': 118, 'E': 54, 'H': 112}"
Q65FN2,245,"{'L': 88, 'E': 57, 'H': 100}"
A0RHX9,276,"{'L': 105, 'E': 76, 'H': 95}"
P40746,245,"{'L': 86, 'E': 57, 'H': 102}"
A8FGT0,246,"{'L': 85, 'E': 57, 'H': 104}"
C0ZGL2,310,"{'L': 121, 'E': 61, 'H': 128}"
Q9C664,674,"{'L': 272, 'H': 276, 'E': 126}"
A0B5R0,311,"{'L': 119, 'E': 66, 'H': 126}"
Q9C9B9,643,"{'L': 257, 'H': 260, 'E': 126}"
A0ALG5,217,"{'L': 79, 'E': 30, 'H': 108}"
Q86C56,702,"{'L': 275, 'E': 136, 'H': 291}"
B1Q257,1067,"{'L': 421, 'H': 451, 'E': 195}"
Q9XU42,735,"{'L': 315, 'H': 307, 'E': 113}"
Q6DNF3,708,"{'L': 263, 'E': 144, 'H': 301}"
Q8WZM3,386,"{'L': 176, 'E': 87, 'H': 123}"
Q8LCU7,375,"{'L': 183, 'E': 81, 'H': 111}"
O45903,344,"{'L': 148, 'E': 87, 'H': 109}"
Q10488,372,"{'L': 157, 'E': 84, 'H': 131}"
Q54YT4,350,"{'L': 153, 'E': 84, 'H': 113}"
B0KR89,301,"{'L': 108, 'E': 101, 'H': 92}"
Q48HN1,301,"{'L': 105, 'H': 101, 'E': 95}"
A5W348,314,"{'L': 109, 'H': 109, 'E': 96}"
Q9WXP6,259,"{'L': 94, 'E': 101, 'H': 64}"
A7HKP2,261,"{'L': 86, 'E': 107, 'H': 68}"
Q5BA93,410,"{'L': 267, 'E': 121, 'H': 22}"
Q5BA88,264,"{'L': 159, 'E': 102, 'H': 3}"
B8NJZ7,234,"{'L': 140, 'E': 94}"
P0C1A7,425,"{'L': 292, 'E': 112, 'H': 21}"
E3E7F9,449,"{'L': 308, 'E': 127, 'H': 14}"
Q6PCB6,329,"{'L': 161, 'E': 57, 'H': 111}"
Q20390,298,"{'L': 141, 'E': 43, 'H': 114}"
Q21221,332,"{'L': 170, 'H': 109, 'E': 53}"
Q9W3C7,314,"{'L': 127, 'H': 146, 'E': 41}"
Q54CM0,289,"{'L': 119, 'H': 130, 'E': 40}"
A3NML2,347,"{'L': 119, 'E': 56, 'H': 172}"
Q764S0,337,"{'L': 114, 'E': 56, 'H': 167}"
B9L2J0,356,"{'L': 127, 'E': 54, 'H': 175}"
A4XAK7,351,"{'L': 134, 'E': 53, 'H': 164}"
P13734,505,"{'L': 221, 'E': 115, 'H': 169}"
Q9RGX8,353,"{'L': 201, 'E': 119, 'H': 33}"
D7GXG4,477,"{'L': 254, 'E': 188, 'H': 35}"
A8W969,453,"{'L': 234, 'E': 175, 'H': 44}"
D7GXG5,328,"{'L': 192, 'H': 24, 'E': 112}"
Q0VTB6,259,"{'L': 126, 'E': 56, 'H': 77}"
A1U776,257,"{'L': 107, 'E': 57, 'H': 93}"
Q1GL85,249,"{'L': 117, 'E': 54, 'H': 78}"
Q8D385,232,"{'L': 95, 'E': 54, 'H': 83}"
Q11B53,283,"{'L': 135, 'H': 88, 'E': 60}"
P0DN29,610,"{'L': 298, 'E': 91, 'H': 221}"
P42042,624,"{'L': 284, 'E': 99, 'H': 241}"
P14804,626,"{'L': 284, 'H': 253, 'E': 89}"
D8Q9M3,576,"{'L': 255, 'H': 229, 'E': 92}"
I1BYW6,452,"{'L': 168, 'H': 243, 'E': 41}"
Q12628,429,"{'L': 230, 'H': 147, 'E': 52}"
O93983,427,"{'L': 234, 'E': 47, 'H': 146}"
P23776,448,"{'L': 244, 'H': 153, 'E': 51}"
Q0CR35,416,"{'L': 220, 'E': 46, 'H': 150}"
Q8NKF9,425,"{'L': 225, 'E': 51, 'H': 149}"
P07142,332,"{'L': 191, 'H': 127, 'E': 14}"
P81380,179,"{'L': 91, 'H': 46, 'E': 42}"
Q8FNR0,296,"{'L': 121, 'H': 167, 'E': 8}"
Q8FNR2,541,"{'L': 159, 'H': 342, 'E': 40}"
O31214,207,"{'L': 111, 'H': 50, 'E': 46}"
Q7NBQ3,304,"{'L': 104, 'H': 156, 'E': 44}"
Q8KBH7,162,"{'L': 40, 'H': 100, 'E': 22}"
A5UID8,171,"{'L': 38, 'E': 24, 'H': 109}"
A5CFG7,169,"{'L': 36, 'H': 115, 'E': 18}"
Q6AE72,216,"{'L': 97, 'H': 99, 'E': 20}"
P04190,257,"{'L': 131, 'E': 66, 'H': 60}"
O07293,275,"{'L': 126, 'E': 59, 'H': 90}"
O08498,249,"{'L': 117, 'E': 66, 'H': 66}"
P54427,267,"{'L': 124, 'H': 90, 'E': 53}"
P0A3M3,274,"{'L': 124, 'E': 57, 'H': 93}"
Q89Y83,416,"{'L': 191, 'H': 177, 'E': 48}"
Q9WY43,357,"{'L': 113, 'H': 201, 'E': 43}"
P0DXC0,340,"{'L': 123, 'H': 148, 'E': 69}"
Q890L8,360,"{'L': 111, 'H': 208, 'E': 41}"
Q9KGG0,357,"{'L': 111, 'H': 206, 'E': 40}"
P47636,152,"{'L': 56, 'E': 23, 'H': 73}"
P37351,149,"{'L': 53, 'E': 24, 'H': 72}"
Q92EU5,148,"{'L': 53, 'E': 24, 'H': 71}"
P9WKD7,162,"{'L': 60, 'E': 24, 'H': 78}"
P53527,152,"{'L': 56, 'E': 22, 'H': 74}"
A7Z4B0,308,"{'L': 73, 'H': 233, 'E': 2}"
A7GRX4,313,"{'L': 67, 'H': 244, 'E': 2}"
B9EB26,300,"{'L': 65, 'H': 233, 'E': 2}"
B1YIW6,297,"{'L': 69, 'H': 226, 'E': 2}"
A4ILW9,317,"{'L': 85, 'H': 228, 'E': 4}"
Q9VMV6,198,"{'L': 65, 'H': 112, 'E': 21}"
P75531,315,"{'L': 132, 'H': 91, 'E': 92}"
O22229,529,"{'L': 287, 'E': 112, 'H': 130}"
Q19892,216,"{'L': 75, 'H': 122, 'E': 19}"
Q0UFP3,188,"{'L': 60, 'E': 48, 'H': 80}"
F6HS55,206,"{'L': 84, 'E': 48, 'H': 74}"
Q752Z9,198,"{'L': 77, 'E': 46, 'H': 75}"
Q4WTN9,187,"{'L': 67, 'E': 48, 'H': 72}"
Q54LQ6,194,"{'L': 79, 'E': 45, 'H': 70}"
